engagement,contempt
,
,
,
,
,
,
,
,
,
,
,
,
,
,
,
,
,
,
,
,
,
,
,
,
,
,
,
,
,
,
,
,
,
,
,
,
,
,
,
,
,
,
,
,
,
,
,
,
,
,
,
,
,
,
,
,
,
,
,
,
,
,
,
,
,
,
,
,
,
,
,
,
,
,
,
,
,
,
,
,
,
,
,
,
,
,
,
,
,
,
,
,
,
,
,
,
,
,
,
,
,
,
,
,
,
,
,
,
,
,
,
,
,
,
,
,
,
,
,
,
,
,
,
,
,
,
,
,
,
,
,
,
,
,
,
,
,
,
,
,
,
,
,
,
,
,
,
,
,
,
,
,
,
,
,
,
,
,
,
,
,
,
,
,
,
,
,
36.4184,0.0177
11.9287,0.0136
2.3544,0.0322
0.3852,0.0839
0.398,0.0824
0.2065,0.1164
0.3145,0.0933
0.4287,0.0792
0.5764,0.0678
0.7562,0.0587
1.0034,0.0506
1.3959,0.0424
2.0575,0.0345
3.7216,0.025
9.2332,0.0151
17.405,0.0103
19.8614,0.0094
37.3101,0.006
46.7374,0.0049
59.4181,0.0037
66.2848,0.0032
72.638,0.0027
,
,
,
,
,
,
,
,
,
,
,
,
,
99.6345,0.0002
99.6653,0.0002
99.6455,0.0002
99.5916,0.0003
99.0826,0.0004
98.979,0.0004
,
,
,
,
,
,
,
,
,
,
,
,
,
,
,
,
,
,
,
,
,
,
,
,
,
,
,
,
,
,
,
,
,
,
,
,
,
,
,
,
,
,
,
,
,
4.7009,0.2671
0.0945,0.195
0.0828,0.1931
0.0829,0.1931
0.0886,0.1929
0.093,0.1928
0.0994,0.1927
0.1034,0.1927
0.0941,0.1926
0.0911,0.1926
0.0904,0.1926
0.0881,0.1925
0.0879,0.1925
0.0898,0.1924
0.0917,0.1924
0.0942,0.1923
0.0976,0.1922
0.0997,0.1922
0.1029,0.1922
0.102,0.192
0.0985,0.1916
0.0959,0.1912
0.0935,0.1905
0.0934,0.1898
0.0912,0.1892
0.0996,0.1872
0.0918,0.1853
0.0903,0.1823
0.0925,0.1774
0.1039,0.1669
0.1193,0.1552
0.1422,0.1416
0.1573,0.1343
0.2143,0.1141
0.3414,0.0893
0.6622,0.063
1.1996,0.046
2.0611,0.0345
6.1381,0.019
13.8113,0.0119
28.4024,0.0074
72.407,0.0027
90.9221,0.0014
92.423,0.0012
92.5602,0.0012
92.9081,0.0012
93.1738,0.0012
94.5697,0.001
94.5277,0.001
96.1482,0.0008
98.3037,0.0005
98.7626,0.0005
98.2655,0.0005
98.4668,0.0005
99.0331,0.0004
99.0378,0.0004
99.3483,0.0003
99.4219,0.0003
99.5079,0.0003
99.5504,0.0003
99.6386,0.0002
99.7183,0.0002
99.729,0.0002
99.7513,0.0002
99.7648,0.0002
99.7703,0.0002
99.7863,0.0002
99.8315,0.0002
99.8552,0.0001
99.855,0.0001
99.8673,0.0001
99.8827,0.0001
99.8923,0.0001
99.8941,0.0001
99.8979,0.0001
99.8954,0.0001
99.9,0.0001
99.9055,0.0001
99.9065,0.0001
99.9094,0.0001
99.9126,0.0001
99.9143,0.0001
,
,
,
,
,
,
,
,
,
,
,
,
,
,
,
,
,
,
,
,
,
,
,
,
,
,
,
,
,
,
,
,
,
,
,
,
,
,
,
,
,
,
,
,
,
,
,
,
,
,
,
,
,
,
,
,
,
,
,
,
,
,
,
,
,
,
,
,
,
,
,
,
,
,
,
,
,
,
,
,
,
,
,
,
,
,
,
,
,
,
,
,
,
,
,
,
,
,
,
,
,
,
,
,
,
,
,
,
,
,
,
,
,
,
,
,
,
,
,
,
,
,
,
,
,
,
,
,
,
,
,
,
,
,
,
,
,
,
,
,
,
91.9642,1.9948
7.6492,0.2362
0.1287,0.1908
0.1427,0.1906
0.134,0.1896
0.0951,0.1855
0.0983,0.1849
0.0923,0.1849
,
,
,
,
,
,
,
,
,
,
,
,
,
,
,
,
,
,
2.4602,0.1643
,
,
,
,
,
,
,
,
,
,
,
,
,
,
,
,
,
,
,
,
,
,
,
,
,
,
,
,
,
,
,
,
,
,
,
,
,
,
,
,
,
,
,
,
,
,
,
,
,
0.0,0.0
99.4271,0.2225
,
,
,
,
,
,
,
,
,
,
,
,
,
,
,
,
,
,
,
,
,
,
,
,
99.664,0.2427
8.2247,0.1924
4.0677,0.1925
2.2802,0.1926
6.227,0.1925
6.8261,0.1927
9.0121,0.1927
16.7485,0.1926
8.6403,0.1926
2.7789,0.1927
5.2356,0.1926
6.3581,0.1925
9.29,0.1924
8.809,0.1925
10.2627,0.1926
3.81,0.1927
2.9907,0.1926
2.0522,0.1924
1.4694,0.1922
0.8706,0.1921
0.5568,0.1919
0.3947,0.1919
0.3482,0.1918
0.3063,0.1916
0.206,0.1915
0.1509,0.1912
0.1199,0.1911
0.1054,0.1911
0.0952,0.1909
0.0883,0.191
0.0891,0.1908
0.0901,0.1903
0.0957,0.1897
0.1008,0.1887
0.1118,0.1878
0.0874,0.1875
0.0916,0.1873
0.0901,0.1857
0.0865,0.1877
0.0845,0.1876
0.0826,0.1897
0.0899,0.192
0.0839,0.1929
0.0824,0.1935
0.0828,0.1938
0.0835,0.194
0.084,0.1942
0.0824,0.1944
0.0807,0.1947
0.0801,0.1942
0.0795,0.1939
0.0794,0.1934
0.0794,0.1933
0.0795,0.1931
0.0797,0.1929
0.0801,0.1928
0.0804,0.1928
0.0798,0.1927
0.0799,0.1927
0.0803,0.1927
0.0803,0.1927
0.0804,0.1927
0.0829,0.1927
0.0883,0.1927
0.0862,0.1926
0.0974,0.1926
0.0945,0.1926
0.0925,0.1925
0.0904,0.1926
0.088,0.1926
0.0922,0.1927
0.0994,0.1928
0.1036,0.1927
0.1085,0.1923
0.11,0.1922
0.1169,0.1914
0.1296,0.1902
0.1498,0.1899
0.1931,0.1869
0.2809,0.1919
0.5874,0.1914
2.2947,0.2036
13.6808,0.2201
84.7403,0.244
98.0829,0.2449
99.5766,0.2362
99.7859,0.2498
99.8509,0.2474
99.8727,0.2328
99.8865,0.2289
99.8969,0.2163
99.9065,0.1998
99.9112,0.1807
99.9138,0.1706
99.9152,0.1586
99.9148,0.153
99.9146,0.1476
99.9152,0.147
99.9158,0.1441
99.9156,0.15
99.9159,0.1445
,
,
,
,
,
,
,
,
,
,
,
,
,
,
,
,
,
,
,
,
,
,
,
,
,
,
99.9159,92.1121
,
,
,
,
,
,
,
,
,
,
,
,
,
,
,
,
,
,
,
,
,
,
,
,
0.0854,0.1945
3.9359,0.1929
38.7357,0.1928
3.5529,0.1927
13.178,0.1927
26.8994,0.1927
,
,
,
,
,
,
,
,
,
,
,
,
,
,
,
,
,
,
,
,
,
,
,
,
,
,
,
,
,
,
,
,
,
,
,
,
,
,
,
,
,
,
,
,
,
,
,
,
,
,
,
,
,
,
,
,
,
,
,
,
,
,
,
,
,
,
,
,
,
,
,
,
,
,
,
,
,
,
,
,
,
,
,
99.9204,0.2385
99.6921,9.7123
39.1434,0.336
23.3424,0.0162
35.8151,0.0073
2.035,0.0371
1.679,0.0397
1.6195,0.0399
0.4974,0.0741
0.643,0.0646
0.9718,0.0518
1.0062,0.0508
0.5585,0.0693
0.5707,0.0685
0.644,0.0642
0.6838,0.0622
0.653,0.0637
0.864,0.0549
1.1153,0.048
1.5104,0.0408
1.7902,0.0373
1.8948,0.0362
1.3662,0.0431
1.2238,0.0457
0.7882,0.0575
0.4642,0.0761
0.2993,0.0959
0.1895,0.1219
0.1345,0.146
0.1273,0.1503
0.1105,0.1618
0.0937,0.1765
0.0874,0.183
0.0838,0.1871
0.0819,0.1897
0.0806,0.191
0.0811,0.1915
0.084,0.1922
0.0908,0.1925
0.0912,0.1927
0.0939,0.1928
0.0972,0.1928
0.0929,0.1928
0.0959,0.1928
0.0994,0.1927
0.0963,0.1927
0.0972,0.1927
0.0964,0.1927
0.0956,0.1927
0.0971,0.1927
0.1013,0.1927
0.1244,0.1927
0.1622,0.1927
0.2724,0.1927
0.3405,0.1927
0.466,0.1927
0.6078,0.1927
0.8218,0.1927
0.5939,0.1927
0.5848,0.1927
0.6112,0.1927
0.4269,0.1927
0.2955,0.1927
0.198,0.1927
0.1332,0.1927
0.1093,0.1927
0.0954,0.1927
0.088,0.1927
0.0842,0.1927
0.0826,0.1927
0.0819,0.1927
0.0812,0.1927
0.0809,0.1927
0.0807,0.1927
0.0802,0.1927
0.0799,0.1927
0.0796,0.1927
0.0794,0.1927
0.0793,0.1927
0.0793,0.1927
0.0796,0.1927
0.0798,0.1927
0.08,0.1927
0.0803,0.1927
0.0808,0.1927
0.0806,0.1927
0.0814,0.1927
0.0831,0.1927
0.0859,0.1926
0.1017,0.1926
0.1161,0.1926
0.2574,0.1926
0.2367,0.1926
0.2276,0.1926
0.194,0.1926
0.1155,0.1926
0.0959,0.1926
0.0842,0.1926
0.0819,0.1926
0.0806,0.1926
0.0799,0.1926
0.0798,0.1925
0.0799,0.1925
0.08,0.1926
0.0801,0.1926
0.0803,0.1926
0.0808,0.1926
0.0813,0.1926
0.0809,0.1926
0.0811,0.1926
0.0811,0.1926
0.0809,0.1926
0.0809,0.1926
0.0805,0.1927
0.08,0.1927
0.0799,0.1927
0.0795,0.1927
0.0795,0.1927
0.0795,0.1927
0.0796,0.1927
0.0804,0.1927
0.0806,0.1927
0.0811,0.1927
0.082,0.1927
0.0803,0.1927
0.0796,0.1927
0.0796,0.1927
0.0796,0.1927
0.0797,0.1926
0.0796,0.1926
0.0795,0.1926
0.0799,0.1926
0.0798,0.1926
0.0794,0.1926
0.0793,0.1926
0.0793,0.1925
0.0794,0.1924
0.0796,0.1922
0.0798,0.192
0.0802,0.1919
0.0808,0.192
0.0812,0.1921
0.0816,0.1919
0.082,0.1916
0.0835,0.1914
0.0846,0.1914
0.0869,0.1912
0.0908,0.1907
0.0941,0.1896
0.0987,0.189
0.1093,0.1872
0.1129,0.1851
0.1169,0.1838
0.1217,0.1818
0.1213,0.1805
0.1491,0.179
0.1794,0.178
0.1931,0.1804
0.167,0.1809
0.1582,0.1814
0.1523,0.1791
0.2414,0.1782
0.2127,0.1793
0.3063,0.177
0.1962,0.18
0.1586,0.1805
0.1644,0.1802
0.1678,0.1776
0.1646,0.1773
0.1685,0.176
0.1649,0.1767
0.1508,0.1789
0.1498,0.1815
0.1448,0.1844
0.1267,0.1863
0.1331,0.1878
0.135,0.1877
0.1465,0.1883
0.16,0.1877
0.1351,0.1868
0.1536,0.1848
,
,
,
,
,
,
,
,
,
,
,
,
,
,
,
,
,
,
,
,
,
,
,
,
,
,
,
,
,
,
,
,
,
,
,
,
,
,
,
,
98.5677,20.4639
43.7662,0.0146
0.1069,0.2367
0.0926,0.193
0.0948,0.1897
0.1093,0.1902
0.1197,0.1916
0.1356,0.1918
0.1002,0.192
0.0932,0.1923
0.0885,0.1925
0.0855,0.1926
0.0844,0.1926
0.0845,0.1927
0.0862,0.1927
0.0884,0.1927
0.0895,0.1927
0.0902,0.1927
0.0884,0.1927
0.0854,0.1926
0.087,0.1926
0.0917,0.1926
0.1018,0.1926
0.1095,0.1925
0.12,0.1925
0.1465,0.1925
0.1497,0.1924
0.1585,0.1923
0.1718,0.1923
0.1645,0.1923
0.1482,0.1922
0.1125,0.1923
0.091,0.1924
0.0881,0.1924
0.0873,0.1923
0.0833,0.1922
0.084,0.1921
0.0844,0.1919
0.0836,0.1918
0.0824,0.1914
0.0824,0.1913
0.0831,0.1917
0.0831,0.1916
0.0854,0.1918
0.0848,0.1921
0.0872,0.1924
0.0878,0.1925
0.0858,0.1925
0.0883,0.1926
0.0869,0.1926
0.0898,0.1927
0.0879,0.1927
0.0931,0.1927
0.0954,0.1927
0.0973,0.1927
0.0966,0.1927
0.0992,0.1927
0.1092,0.1927
0.1064,0.1927
0.1415,0.1927
0.1199,0.1927
0.1176,0.1927
0.1288,0.1927
0.1288,0.1927
0.1338,0.1927
0.1373,0.1927
0.1295,0.1927
0.133,0.1927
0.1271,0.1926
0.1286,0.1926
0.1306,0.1925
0.1224,0.1925
0.1183,0.1922
0.1132,0.1919
0.1113,0.1915
0.106,0.1905
0.0962,0.1907
0.0982,0.1898
0.102,0.1882
0.1098,0.1866
0.1235,0.1831
0.1295,0.1794
0.1273,0.1744
0.11,0.1687
0.1126,0.16
0.1463,0.1396
0.1723,0.1282
0.2087,0.116
0.2558,0.1043
0.2817,0.0995
0.3409,0.0906
0.3415,0.091
0.457,0.078
0.709,0.0619
0.7078,0.0622
0.6392,0.0657
0.5113,0.0742
0.5518,0.0718
0.6174,0.0677
0.5646,0.0708
0.9712,0.0531
1.0314,0.0513
1.1537,0.0482
0.9747,0.0531
1.0201,0.0517
1.4752,0.0426
1.741,0.0391
0.9703,0.0536
0.6957,0.0638
0.4488,0.0799
0.3225,0.0949
0.2737,0.1036
0.2757,0.1028
0.3067,0.0967
0.3095,0.0959
0.4156,0.0823
0.4035,0.0834
0.2686,0.1033
0.2879,0.0998
0.3175,0.0953
0.2558,0.106
0.1982,0.1211
0.1429,0.1438
0.1258,0.1535
0.1301,0.1509
0.1294,0.1511
0.1232,0.1551
0.1159,0.1595
0.1058,0.1668
0.0979,0.1735
0.0927,0.1784
0.0938,0.1771
0.092,0.1788
0.0924,0.1783
0.0919,0.1786
0.0928,0.1776
0.0933,0.177
0.0924,0.1778
0.0921,0.1781
0.0894,0.1807
0.0859,0.1845
0.0854,0.185
0.0837,0.187
0.0824,0.1885
0.0824,0.1886
0.0834,0.1889
0.0827,0.189
0.0821,0.1889
0.0811,0.1901
0.0804,0.1909
0.0806,0.191
0.081,0.1908
0.0816,0.1903
0.0822,0.1898
0.0875,0.1891
0.1084,0.1887
0.0949,0.1862
0.1002,0.1845
0.0966,0.1827
0.092,0.1815
0.0879,0.1822
0.0871,0.1831
0.0878,0.1823
0.0885,0.1816
0.0909,0.1791
0.0919,0.1781
0.0943,0.1757
0.0982,0.172
0.101,0.1696
0.1021,0.1687
0.1074,0.1644
0.1061,0.1655
0.1027,0.1682
0.104,0.1671
0.1102,0.162
0.1083,0.1634
0.1054,0.1658
0.1086,0.1632
0.1107,0.1616
0.1169,0.157
0.1076,0.164
0.1087,0.1631
0.1069,0.1645
0.1079,0.1637
0.1075,0.164
0.1082,0.1635
0.11,0.162
0.1146,0.1586
0.1269,0.1503
0.1258,0.151
0.1204,0.1545
0.1205,0.1544
0.1284,0.1493
0.1339,0.1461
0.1504,0.1374
0.1702,0.1288
0.233,0.1092
0.232,0.1095
0.1711,0.1284
0.1648,0.131
0.1351,0.1454
0.1205,0.1544
0.1103,0.1617
0.1029,0.1677
0.0982,0.1719
0.0944,0.1756
0.0931,0.1768
0.0917,0.1782
0.0966,0.1734
0.1012,0.1692
0.1008,0.1696
0.098,0.172
0.0927,0.1772
0.0907,0.1792
0.0926,0.1773
0.09,0.18
0.0863,0.184
0.084,0.1866
0.0829,0.1893
0.0838,0.1902
0.0867,0.191
0.0918,0.1914
0.0966,0.1918
0.105,0.1921
0.1284,0.1922
0.1186,0.1924
0.1262,0.1926
0.1294,0.1926
0.1268,0.1926
0.1263,0.1927
0.1218,0.1928
0.1117,0.193
0.1263,0.1936
0.1564,0.1945
0.1383,0.1956
0.1556,0.1974
0.1736,0.1987
0.1787,0.2005
0.1811,0.1996
,
,
,
,
,
,
,
,
,
,
,
,
,
,
,
,
,
,
,
,
,
,
,
,
,
,
,
,
,
,
,
,
,
,
,
,
,
,
,
,
,
,
,
,
,
,
,
,
,
,
,
99.915,97.4289
99.9141,0.2109
99.8843,0.2028
99.3031,0.2181
6.2316,0.1896
0.6431,0.1822
0.3353,0.1837
0.2727,0.1853
0.2125,0.1747
0.1313,0.165
0.1353,0.1466
0.1763,0.1275
0.2254,0.112
0.2583,0.1042
0.2846,0.0989
0.317,0.0934
0.4292,0.0797
0.43,0.0795
0.5571,0.0693
0.6986,0.0615
0.7895,0.0577
0.9865,0.0513
1.1719,0.0469
1.5858,0.04
2.9559,0.0287
3.6667,0.0255
6.5097,0.0185
22.1225,0.0088
,
,
,
,
,
,
,
,
,
,
,
,
,
,
,
,
,
,
,
,
,
,
,
,
,
,
,
,
,
,
,
,
,
,
,
,
,
,
,
,
,
,
,
,
,
,
,
,
,
,
,
,
,
,
,
,
,
,
,
,
,
,
,
,
,
,
,
,
,
,
,
,
,
,
,
,
,
,
,
,
,
,
,
,
,
,
,
,
,
,
23.8306,3.8175
95.2648,0.0184
99.8631,0.0002
99.9026,0.0001
99.9072,0.0001
99.9129,0.0001
99.9098,0.0001
99.9107,0.0001
99.9143,0.0001
99.9148,0.0001
99.9144,0.0001
99.9133,0.0001
99.9149,0.0001
99.9148,0.0001
99.9138,0.0001
99.9096,0.0001
99.9057,0.0001
99.9004,0.0001
99.896,0.0001
99.8929,0.0001
99.8738,0.0001
99.8385,0.0002
99.7471,0.0002
99.4557,0.0003
98.8305,0.0005
96.294,0.001
76.3595,0.0028
20.3364,0.0103
4.4292,0.0245
0.8254,0.0593
0.5204,0.0747
0.2747,0.1025
0.1709,0.1303
0.2254,0.1497
0.2481,0.1571
0.7921,0.1545
3.523,0.1587
6.3687,0.1562
20.0892,0.1529
,
,
,
,
,
,
,
,
,
,
,
,
,
,
,
,
,
,
,
,
,
,
,
,
,
,
,
,
,
,
,
,
,
,
,
,
,
,
,
,
,
,
,
,
,
,
,
,
,
,
,
,
,
,
,
,
,
,
,
,
,
,
,
,
,
,
,
,
,
,
,
,
,
,
,
,
,
,
,
,
,
,
,
,
,
,
,
,
,
,
,
,
,
,
,
,
,
,
,
,
,
,
,
,
,
,
,
,
,
,
,
,
,
,
,
,
,
,
,
,
,
,
,
,
,
,
,
,
,
,
,
,
,
,
,
,
,
,
,
,
,
,
,
,
,
,
,
,
,
,
,
,
,
,
,
,
,
,
,
,
,
,
,
,
,
,
,
,
,
,
,
,
,
,
,
,
,
,
,
,
,
,
,
,
,
,
,
,
,
,
,
,
,
,
,
,
,
,
,
,
,
,
,
,
,
,
,
,
,
,
,
,
,
,
,
,
,
,
,
,
,
,
,
,
,
,
,
,
,
,
,
,
,
,
,
,
,
,
,
,
,
,
,
,
,
,
,
,
,
,
,
,
,
,
,
,
,
,
,
,
,
,
,
,
,
,
,
,
,
,
,
,
,
,
,
,
,
,
,
,
,
,
,
,
,
,
,
,
,
,
,
,
,
,
,
,
,
,
,
,
,
,
,
,
,
,
,
,
,
,
,
,
,
,
,
,
,
,
,
,
,
,
,
,
,
,
,
,
,
,
,
,
,
,
,
,
,
,
,
,
,
,
,
,
,
,
,
,
,
,
,
,
,
,
,
,
,
,
,
,
,
,
,
,
,
,
,
,
,
,
,
,
,
,
,
,
,
,
,
,
,
,
,
,
,
,
,
,
,
,
,
,
,
,
,
,
,
,
,
,
,
,
,
,
,
,
,
,
,
,
,
,
,
,
,
,
,
,
,
,
,
,
,
,
,
,
,
,
,
,
,
,
,
,
,
,
,
,
,
,
,
,
,
,
,
,
,
,
,
,
,
,
,
,
,
,
,
,
,
,
,
,
,
,
,
,
,
,
,
,
,
,
,
,
,
,
,
,
,
,
,
,
,
,
,
,
,
,
,
,
,
,
,
,
,
,
,
,
,
,
,
,
,
,
,
,
,
,
,
,
,
,
,
,
,
,
,
,
,
,
,
,
,
,
,
,
,
,
,
,
,
,
,
,
,
,
,
,
,
,
,
,
,
,
,
,
,
,
,
,
,
,
,
,
,
,
,
,
,
,
,
,
,
,
,
,
,
,
,
,
,
,
,
,
,
,
,
,
,
,
,
,
,
,
,
,
2.125,0.3863
,
,
,
,
,
,
,
,
,
,
,
,
,
,
,
,
,
,
,
,
,
,
,
,
,
,
,
,
,
,
,
,
,
,
,
,
,
99.921,0.0001
99.9208,0.0001
99.9146,0.0001
99.9024,0.0001
99.8838,0.0001
99.8392,0.0002
99.7429,0.0002
99.6191,0.0002
99.4791,0.0003
99.3857,0.0003
99.3911,0.0003
99.2993,0.0003
98.527,0.0005
98.1606,0.0006
97.1208,0.0007
95.0401,0.001
96.15,0.0008
97.0854,0.0007
97.8268,0.0006
97.0867,0.0007
96.3418,0.0008
95.4871,0.0009
93.302,0.0011
,
,
,
,
,
,
,
,
,
,
,
,
,
,
,
,
,
,
,
,
,
,
,
,
,
,
,
,
,
,
,
,
,
,
,
,
,
,
,
,
,
,
,
,
,
,
,
,
,
,
,
,
,
,
,
,
,
,
,
,
,
,
,
,
,
,
,
,
,
,
,
,
,
,
,
,
,
,
,
,
,
,
,
,
,
,
,
,
,
,
,
,
,
,
,
,
,
,
,
,
,
,
,
,
,
,
,
,
,
,
,
,
,
,
,
95.2595,0.4236
,
,
,
,
,
,
,
,
,
,
,
,
,
,
,
,
,
,
,
,
,
,
,
,
,
,
,
,
,
,
,
,
,
,
,
,
,
,
,
,
,
,
,
,
,
,
,
,
,
,
,
,
,
,
,
,
,
,
,
,
,
,
,
,
,
,
,
,
,
,
,
,
,
,
,
,
,
,
,
,
,
,
,
,
,
,
,
,
99.7887,0.0297
89.5341,0.0015
59.7705,0.0037
36.5288,0.0061
69.0954,0.003
82.4809,0.002
93.1882,0.0011
97.4213,0.0007
98.1751,0.0006
96.8831,0.0007
94.0232,0.0011
,
,
97.2609,0.0007
99.0757,0.0004
,
,
,
,
,
,
,
,
,
,
,
,
,
,
,
,
,
,
,
,
,
,
,
,
,
,
,
,
,
,
,
,
,
,
,
,
99.8983,0.0001
99.899,0.0001
99.8403,0.0002
99.4614,0.0003
99.576,0.0003
98.9886,0.0004
99.399,0.0003
99.1302,0.0004
98.9052,0.0004
98.4634,0.0005
96.9329,0.0007
95.9717,0.0009
,
,
,
,
,
,
,
,
,
,
,
,
,
,
,
,
,
,
,
,
,
,
,
,
,
,
,
,
,
,
,
,
,
,
,
,
,
,
,
,
,
,
,
,
,
,
,
,
,
,
,
,
23.113,0.1946
,
,
,
,
,
,
,
,
,
,
,
,
,
,
,
,
,
,
,
,
,
,
,
,
,
,
,
,
,
,
,
,
,
,
,
,
,
,
,
,
,
,
,
,
,
,
,
,
,
,
99.8832,0.0002
99.8784,0.0001
99.5266,0.0003
99.4021,0.0003
98.0921,0.0006
98.1796,0.0006
96.9032,0.0008
97.424,0.0007
95.4709,0.0009
96.0332,0.0009
96.2868,0.0008
96.8302,0.0008
97.7432,0.0006
98.7829,0.0005
98.7593,0.0005
98.9232,0.0004
98.7811,0.0005
98.9699,0.0004
98.9594,0.0004
99.1327,0.0004
99.1565,0.0004
98.5776,0.0005
95.341,0.0009
77.3475,0.0024
22.6364,0.0087
2.1344,0.034
0.4337,0.079
0.1771,0.1263
0.1168,0.1571
0.1004,0.17
0.0935,0.1801
0.1035,0.186
0.1176,0.1888
0.1663,0.1906
0.2653,0.1914
0.8245,0.1919
3.5908,0.1923
11.4413,0.1925
23.4304,0.1926
,
,
,
,
,
,
,
,
,
,
,
,
,
,
,
,
,
,
,
,
,
,
,
,
,
,
,
13.3487,0.2799
38.788,0.1952
37.664,0.193
23.2112,0.1928
37.4072,0.1929
37.7077,0.1928
13.548,0.1929
3.0125,0.1929
1.0555,0.1929
2.388,0.1928
2.8061,0.1927
2.4753,0.1927
3.026,0.1927
4.5372,0.1927
2.5642,0.1927
0.9885,0.1927
0.5127,0.1927
0.4615,0.1927
0.4844,0.1927
0.3707,0.1927
0.3141,0.1927
0.2689,0.1927
0.2511,0.1927
0.3596,0.1927
0.5711,0.1927
0.7627,0.1927
1.0171,0.1927
1.7342,0.1927
1.7988,0.1927
2.1027,0.1927
7.2882,0.1927
17.5536,0.1927
29.4169,0.1927
30.9515,0.1927
27.9423,0.1927
23.4826,0.1927
17.9857,0.1926
9.102,0.1926
8.5489,0.1926
14.1759,0.1926
23.4589,0.1926
22.8995,0.1926
,
,
,
,
,
,
,
,
,
,
,
,
,
,
,
,
,
,
,
,
,
,
,
,
,
,
,
,
,
,
,
,
,
,
,
,
,
,
,
,
,
,
,
,
,
,
,
,
,
,
,
19.9057,0.1017
44.2208,43.1195
0.4291,5.6683
0.525,22.9111
0.8435,19.6562
5.5504,0.3135
22.6811,0.0209
32.7192,0.0091
46.2416,0.0056
48.7946,0.005
62.878,0.0036
75.4507,0.0026
54.0951,0.0043
69.6762,0.003
81.1176,0.0021
86.3758,0.0017
91.9136,0.0013
95.9235,0.0009
98.0016,0.0006
98.2675,0.0005
98.7415,0.0005
99.0351,0.0004
99.1151,0.0004
98.8921,0.0004
99.0555,0.0004
99.4042,0.0003
99.5621,0.0003
99.6454,0.0002
99.7183,0.0002
99.7444,0.0002
99.7631,0.0002
99.7962,0.0002
99.7947,0.0002
99.827,0.0002
99.8421,0.0002
99.8534,0.0001
99.8709,0.0001
99.8684,0.0001
99.8603,0.0001
99.8537,0.0001
99.8547,0.0001
99.8034,0.0002
99.6963,0.0002
99.5957,0.0003
99.1521,0.0004
96.3661,0.0008
86.9042,0.0017
44.7419,0.0051
9.9897,0.0144
3.8413,0.0246
3.3039,0.0267
2.9496,0.0284
1.7409,0.0377
1.3493,0.0432
0.9253,0.0528
,
,
,
,
,
,
,
,
,
,
,
,
,
,
,
,
,
,
,
,
,
,
,
,
,
,
,
,
,
,
,
,
,
,
,
,
,
,
,
,
,
,
,
,
,
,
,
,
,
,
,
,
,
,
,
,
,
,
,
,
,
,
,
,
,
,
,
,
,
,
,
,
,
,
,
,
,
,
,
,
,
,
,
,
,
,
,
,
,
,
,
,
,
,
,
,
,
,
,
,
,
,
97.2573,0.0099
99.2601,0.0004
99.1398,0.0005
99.0745,0.0005
99.3505,0.0003
91.6114,0.0013
8.436,0.016
0.1591,0.1339
0.0893,0.1808
0.0818,0.1902
0.0808,0.1916
0.081,0.1922
0.0826,0.1925
0.0835,0.1925
0.0833,0.1925
0.0845,0.1925
0.0836,0.1926
0.084,0.1926
0.0855,0.1926
0.0868,0.1926
0.086,0.1926
0.0856,0.1926
0.085,0.1926
0.0868,0.1927
0.0866,0.1927
0.0909,0.1927
0.0928,0.1927
0.0977,0.1927
0.1057,0.1927
0.1127,0.1927
0.1172,0.1927
0.1057,0.1927
0.0954,0.1927
0.0934,0.1927
0.0864,0.1927
0.0846,0.1927
0.0826,0.1927
0.0821,0.1927
0.0824,0.1927
0.0831,0.1927
0.0853,0.1927
0.089,0.1927
0.089,0.1927
0.0891,0.1927
0.0937,0.1927
0.1062,0.1927
0.1112,0.1927
0.1047,0.1927
0.1032,0.1927
0.1004,0.1927
0.096,0.1927
0.0916,0.1927
0.0886,0.1927
0.0894,0.1927
0.0941,0.1927
0.1329,0.1927
0.1584,0.1927
0.1358,0.1927
0.1363,0.1928
0.1356,0.1928
0.1742,0.1928
0.1548,0.1928
0.1492,0.1929
0.1282,0.193
0.1057,0.193
0.1195,0.1931
0.1471,0.1931
0.1279,0.1931
0.1081,0.1931
0.1106,0.1924
0.111,0.1915
0.0996,0.1898
0.1149,0.1877
0.1576,0.1845
0.1548,0.1791
0.2539,0.1723
,
,
,
,
,
,
,
,
,
,
,
,
,
,
,
,
,
,
,
,
,
,
,
,
,
,
,
,
,
,
,
,
,
,
,
,
,
,
,
,
,
,
,
,
,
,
,
,
,
,
,
,
,
,
,
,
,
,
,
,
,
,
,
,
,
,
,
,
,
,
,
,
,
,
,
,
,
,
,
,
,
,
,
,
,
,
,
,
,
,
,
,
,
,
,
,
,
,
,
,
,
,
,
,
,
,
,
,
,
,
,
,
,
,
,
,
,
,
,
,
,
,
,
,
,
,
,
,
,
,
,
,
,
,
,
,
,
,
,
,
,
,
,
,
,
,
,
,
,
,
,
,
,
,
,
,
,
,
,
,
,
,
,
,
,
,
,
,
,
,
,
,
,
,
,
,
,
,
,
,
,
,
,
,
,
,
,
,
,
,
,
,
,
,
,
,
,
,
,
,
,
,
,
,
,
,
,
,
,
,
,
,
,
,
,
,
,
,
,
,
,
,
,
,
,
,
,
,
,
,
,
,
,
,
,
,
,
,
,
,
,
,
,
,
,
,
,
,
,
,
,
,
,
,
,
,
99.9184,0.0001
99.9191,0.0001
99.9187,0.0001
99.9195,0.0001
99.9193,0.0001
99.9195,0.0001
99.9195,0.0001
99.9191,0.0001
,
,
,
,
,
,
,
,
,
,
,
,
,
,
,
,
,
,
,
,
,
,
,
,
,
,
,
,
,
,
,
,
,
,
,
,
,
,
,
,
,
,
,
,
,
,
,
,
,
,
,
,
,
,
,
,
,
,
,
,
,
,
,
,
,
,
,
,
99.1186,0.2008
6.9246,18.0464
77.853,0.0062
,
,
,
,
,
,
,
,
,
,
,
,
,
,
,
,
,
,
,
,
,
,
,
,
,
,
,
,
,
,
,
,
,
,
,
,
,
,
,
,
,
,
,
,
,
,
,
,
,
,
,
,
,
,
,
,
,
,
,
,
,
,
,
,
,
,
,
,
,
,
,
,
,
,
,
,
,
,
,
,
,
,
,
,
,
,
,
,
,
,
,
,
,
,
,
,
,
,
,
,
,
,
,
,
,
,
,
,
,
,
,
,
,
,
,
,
,
,
,
,
,
,
,
,
99.9079,0.4909
98.0258,0.0008
,
,
,
,
,
,
,
,
,
,
,
,
,
,
,
,
,
,
,
,
,
,
,
,
,
,
,
,
,
,
,
,
,
,
,
,
,
,
,
,
,
,
,
,
,
,
,
,
,
,
,
,
,
,
,
,
,
,
,
,
,
,
,
,
,
,
,
,
,
,
,
,
,
,
,
,
,
,
,
,
,
,
,
,
,
,
,
,
,
,
,
,
,
,
,
,
,
,
,
,
,
,
,
,
,
,
,
,
,
,
,
,
,
,
,
,
,
,
,
,
,
,
,
,
,
,
,
,
,
,
,
,
,
,
,
,
,
,
,
,
,
,
,
,
,
,
,
,
,
,
83.8988,76.287
,
,
,
,
,
,
,
,
,
,
,
,
,
,
,
,
,
,
,
,
,
,
,
,
,
,
,
,
,
,
,
,
,
,
,
,
,
,
,
,
,
,
,
,
,
,
,
,
,
,
,
,
,
,
,
,
,
,
,
,
,
,
,
,
,
,
,
,
,
,
,
,
,
,
,
,
,
,
,
,
,
,
,
,
,
,
,
,
,
,
,
,
,
,
,
,
,
,
,
,
,
,
,
,
,
,
,
,
,
,
,
,
,
,
,
,
,
,
,
,
,
,
,
,
,
,
,
,
,
,
,
,
,
,
,
,
,
,
,
,
,
,
,
,
,
,
,
,
,
,
,
,
,
,
,
,
,
,
,
,
,
,
,
,
,
,
,
,
,
,
,
,
,
,
,
,
,
,
,
,
,
,
,
,
,
,
,
,
,
,
,
,
,
,
,
,
,
,
,
,
,
,
,
,
,
,
,
,
,
,
,
,
,
,
,
,
,
,
,
,
,
,
,
,
,
,
,
,
,
,
,
,
,
,
,
,
,
,
,
,
,
,
,
,
,
,
,
,
,
,
,
,
,
,
,
,
,
,
,
,
,
,
,
,
,
,
99.9209,0.0001
99.9208,0.0001
99.9209,0.0001
99.9209,0.0001
99.9209,0.0001
99.9209,0.0001
99.9209,0.0001
99.9209,0.0001
99.9209,0.0001
99.9209,0.0001
99.9209,0.0001
99.9208,0.0001
99.9208,0.0001
99.9207,0.0001
99.9206,0.0001
99.9206,0.0001
99.9201,0.0001
99.9192,0.0001
99.9171,0.0001
99.915,0.0001
99.9076,0.0001
99.8956,0.0001
99.8719,0.0001
99.8225,0.0002
99.626,0.0002
98.5446,0.0005
82.2247,0.002
17.8203,0.0101
1.4125,0.0422
0.3812,0.0843
0.1487,0.1383
0.1011,0.1693
0.1072,0.1806
0.1632,0.1876
0.3687,0.1905
1.429,0.1919
3.209,0.1923
5.7472,0.1925
9.6707,0.1926
18.1831,0.1927
14.2102,0.1927
14.5599,0.1926
11.7975,0.1926
10.0591,0.1926
8.2842,0.1926
3.0469,0.1925
1.03,0.1924
0.6618,0.1924
0.2954,0.1923
0.1819,0.1923
0.1352,0.1922
0.1137,0.192
0.0912,0.1917
0.0844,0.1914
0.0818,0.1907
0.0819,0.1895
0.0828,0.188
0.0859,0.1845
0.0902,0.1798
0.1017,0.1688
0.1146,0.1585
0.1287,0.1492
0.1591,0.1335
0.199,0.1187
0.217,0.1135
0.2789,0.0994
0.2833,0.0987
0.3909,0.0833
0.4261,0.0796
0.4032,0.0819
0.3722,0.0855
0.5448,0.0699
0.6992,0.0613
1.4511,0.0416
3.0789,0.0278
5.3249,0.0206
3.731,0.025
3.8112,0.0247
4.0631,0.0239
3.3863,0.0264
1.5548,0.0401
0.7511,0.059
0.4085,0.0813
0.3377,0.0973
0.258,0.1204
0.1537,0.1395
0.1286,0.1492
0.1003,0.1705
0.0927,0.1772
0.0873,0.1829
0.0844,0.1861
0.0835,0.1888
0.0836,0.1901
0.0843,0.1905
0.0843,0.1908
0.0845,0.191
0.0833,0.1915
0.0823,0.192
0.0837,0.1923
0.0839,0.1925
0.0819,0.1925
0.0807,0.1926
0.0813,0.1926
0.0821,0.1926
0.0835,0.1927
0.0838,0.1927
0.0854,0.1927
0.0871,0.1927
0.0932,0.1927
0.0941,0.1927
0.0967,0.1927
0.0914,0.1927
0.0913,0.1927
0.0933,0.1927
0.091,0.1927
0.0899,0.1927
0.0898,0.1927
0.0875,0.1927
0.0864,0.1927
0.0859,0.1927
0.0865,0.1927
0.09,0.1927
0.0892,0.1927
0.0937,0.1927
0.1041,0.1927
0.1164,0.1926
0.1147,0.1926
0.1044,0.1926
0.1021,0.1926
0.0961,0.1926
0.0938,0.1926
0.0914,0.1925
0.0851,0.1925
0.0834,0.1926
0.0823,0.1926
0.0819,0.1926
0.0818,0.1926
0.0821,0.1926
0.0819,0.1926
0.0818,0.1926
0.082,0.1925
0.082,0.1925
0.0826,0.1925
0.0828,0.1924
0.0836,0.1922
0.0845,0.1919
0.0972,0.1914
0.1197,0.1906
0.1275,0.1896
0.136,0.1876
0.1267,0.1862
0.1488,0.1813
0.1787,0.1735
0.2913,0.1596
1.5321,0.1292
2.8406,0.0919
2.4638,0.0548
,
,
,
,
,
,
,
,
,
,
,
,
,
,
,
,
,
,
,
,
,
,
,
,
,
,
,
,
,
,
,
,
,
,
,
,
,
,
,
,
,
,
,
,
,
,
,
,
,
,
,
,
,
,
,
,
,
,
,
,
,
,
,
,
,
,
,
,
,
,
,
,
,
,
,
,
,
,
,
,
,
,
,
,
,
,
,
,
,
,
,
,
,
,
,
,
,
,
,
,
,
,
,
,
,
,
,
,
,
,
,
,
,
,
,
,
,
,
,
,
,
,
,
,
,
,
,
,
,
,
,
,
,
,
,
,
,
,
,
,
,
,
,
,
,
,
,
,
,
,
,
,
,
,
,
,
,
,
,
,
,
,
,
,
,
,
,
,
,
,
,
,
,
,
,
,
,
,
,
,
,
,
,
,
,
,
,
,
,
,
,
,
,
,
,
,
,
,
,
,
,
,
,
,
,
99.9086,5.9996
1.9448,0.1937
0.309,0.1927
0.1402,0.1927
0.1088,0.1927
0.1135,0.1928
0.103,0.1928
,
,
,
,
,
0.1488,0.1928
0.1271,0.1928
0.1233,0.1928
0.1376,0.1928
0.2205,0.1928
0.3571,0.1927
0.4331,0.1927
0.3475,0.1927
,
,
,
,
,
0.1973,0.1927
0.3601,0.1927
0.6557,0.1926
,
,
,
,
,
,
,
,
,
,
,
,
,
,
,
,
,
,
,
,
,
,
33.1069,0.6743
0.6307,0.1951
0.1028,0.1928
0.1302,0.1926
0.1371,0.1923
0.1295,0.1923
0.099,0.1922
0.1036,0.192
0.1177,0.1918
0.1256,0.1912
0.1277,0.1896
0.1335,0.1861
0.1562,0.1874
0.1445,0.1874
0.2029,0.1828
0.1822,0.1837
0.268,0.1846
0.3503,0.1862
0.1788,0.189
0.1195,0.1904
0.0949,0.1911
0.0913,0.1916
0.0894,0.1917
0.0875,0.1917
0.0904,0.1917
0.0869,0.1915
0.0901,0.1914
0.0897,0.1913
0.0891,0.1914
0.0886,0.1914
0.0896,0.1915
0.0892,0.1917
0.0936,0.1919
0.0977,0.1922
0.095,0.1924
0.0928,0.1925
0.0876,0.1926
0.0854,0.1926
0.0858,0.1926
0.0875,0.1927
0.0903,0.1927
0.0892,0.1927
0.0914,0.1927
0.0943,0.1926
0.0936,0.1926
0.0925,0.1926
0.096,0.1927
0.1037,0.1927
0.107,0.1927
0.114,0.1927
0.114,0.1927
0.116,0.1927
0.1092,0.1927
0.1056,0.1927
0.1052,0.1927
0.1003,0.1927
0.0925,0.1927
0.0896,0.1927
0.0899,0.1927
0.0922,0.1927
0.0951,0.1927
0.0968,0.1927
0.0954,0.1927
0.0891,0.1927
0.0865,0.1927
0.0863,0.1927
0.0858,0.1927
0.0857,0.1927
0.0873,0.1927
0.0911,0.1927
0.0907,0.1927
0.0896,0.1927
0.0889,0.1928
0.0867,0.1928
0.087,0.1928
0.0861,0.1927
0.0858,0.1927
0.0862,0.1926
0.096,0.1925
0.1566,0.1923
0.1852,0.1917
0.2968,0.1911
0.2821,0.1906
0.2604,0.1892
0.2474,0.1871
0.2387,0.1865
0.2074,0.1857
0.1474,0.1873
0.1232,0.1886
0.0991,0.1888
0.0984,0.1878
0.1082,0.1863
0.0917,0.1845
0.0922,0.1808
0.0955,0.1786
0.0894,0.181
0.0884,0.182
0.0877,0.1827
0.0852,0.1855
0.0838,0.187
0.0833,0.1877
0.0835,0.1888
0.0855,0.1896
0.0825,0.1899
0.0832,0.1906
0.087,0.1904
0.0902,0.1901
0.0955,0.1905
0.0984,0.1898
0.1727,0.1889
0.1891,0.1871
0.1884,0.1827
0.2241,0.1746
0.3739,0.1669
0.305,0.1547
0.216,0.1434
0.1676,0.1299
0.2304,0.1099
0.3662,0.0861
1.1013,0.0481
4.4499,0.0227
19.512,0.0096
55.2835,0.0041
87.8485,0.0016
95.9974,0.0009
98.3402,0.0005
99.2676,0.0003
99.434,0.0003
99.6717,0.0002
99.7307,0.0002
99.8103,0.0002
99.8572,0.0001
99.8767,0.0001
99.8939,0.0001
99.8988,0.0001
99.9053,0.0001
99.909,0.0001
99.9128,0.0001
99.9141,0.0001
99.915,0.0001
99.9165,0.0001
99.9177,0.0001
99.9179,0.0001
99.9185,0.0001
99.9189,0.0001
99.9193,0.0001
99.9195,0.0001
99.9196,0.0001
99.9197,0.0001
99.9199,0.0001
99.9198,0.0001
99.9199,0.0001
99.9201,0.0001
99.9201,0.0001
99.9201,0.0001
99.92,0.0001
99.92,0.0001
99.9199,0.0001
99.9199,0.0001
99.9197,0.0001
99.9197,0.0001
99.9194,0.0001
99.9193,0.0001
99.9192,0.0001
,
,
,
,
,
,
,
,
,
,
,
,
,
,
,
,
,
,
,
,
,
,
,
,
,
,
,
,
,
,
,
,
,
,
,
,
,
,
,
,
,
,
,
,
,
,
,
,
,
,
,
,
,
,
,
,
,
,
,
,
,
,
,
,
,
,
,
,
,
,
,
,
,
,
,
,
,
,
,
,
,
,
,
,
,
,
,
,
,
,
,
,
,
,
,
,
,
,
,
,
,
,
,
,
,
,
,
,
,
,
,
,
,
,
,
,
,
,
,
,
,
,
,
,
,
,
,
,
,
,
,
,
,
,
,
,
,
,
,
,
,
,
,
,
,
,
,
,
,
,
,
,
,
,
,
,
,
,
,
,
,
,
,
,
,
,
,
,
,
,
,
,
,
,
,
,
,
,
,
,
,
,
,
,
,
,
,
,
,
,
,
,
,
,
,
,
,
,
,
,
,
,
,
,
,
,
,
,
,
,
,
,
,
,
,
,
,
,
,
,
,
,
,
,
,
,
,
,
,
99.9032,96.0048
99.8327,17.0727
20.1909,0.2257
1.1173,0.1983
0.2767,0.1939
,
,
,
,
,
,
,
,
,
,
,
,
,
,
,
,
,
,
,
,
,
,
,
,
,
,
,
,
,
,
,
,
,
0.8214,98.3589
25.6111,0.5472
0.3735,0.29
1.8073,0.1989
1.0258,0.1953
2.9353,0.1945
1.503,0.1938
0.7837,0.1938
0.2253,0.1939
0.1248,0.1936
0.1059,0.1934
0.1074,0.193
0.1035,0.1927
0.0966,0.1925
0.0894,0.1925
0.0889,0.1924
0.0867,0.1924
0.0846,0.1923
0.0837,0.1923
0.0825,0.1924
0.0822,0.1925
0.083,0.1925
0.0839,0.1926
0.0857,0.1926
0.0869,0.1926
0.0849,0.1926
0.0856,0.1926
0.0839,0.1926
0.0852,0.1927
,
,
,
,
,
,
,
,
,
,
,
,
,
,
,
,
,
,
,
,
,
,
,
,
,
,
,
,
,
,
,
,
,
,
,
,
,
,
,
,
,
,
,
,
,
,
,
,
,
,
,
,
,
,
,
,
,
,
,
,
,
,
,
,
,
,
,
,
,
,
,
,
,
,
,
,
,
,
,
,
,
,
,
,
,
,
,
,
,
,
,
,
,
,
,
,
,
,
,
,
,
,
,
,
,
,
,
,
,
,
,
,
,
,
,
99.7545,0.202
99.1597,0.2037
97.9521,0.1987
99.9114,0.2054
99.9113,0.2067
,
,
,
,
,
,
,
,
,
,
,
,
,
,
,
,
,
,
,
,
99.8988,0.1977
99.806,0.1954
27.5191,0.2053
44.7202,0.2131
49.5015,0.1957
49.2321,0.1935
49.3876,0.1929
49.0009,0.1927
48.0085,0.1927
46.6061,0.1927
43.4475,0.1927
34.6472,0.1927
24.1635,0.1927
14.5169,0.1927
6.414,0.1927
6.2975,0.1927
4.9827,0.1927
4.3547,0.1927
5.1189,0.1927
4.357,0.1927
3.5699,0.1927
2.0227,0.1927
1.1585,0.1927
0.8249,0.1927
0.5512,0.1927
0.3509,0.1927
0.3254,0.1927
0.2274,0.1927
0.1361,0.1927
0.116,0.1927
0.098,0.1927
0.0932,0.1927
0.0899,0.1927
0.0883,0.1927
0.0876,0.1927
0.0892,0.1927
0.0897,0.1927
0.0934,0.1927
0.162,0.1927
0.1908,0.1927
0.1634,0.1927
0.1344,0.1927
0.1321,0.1927
0.1202,0.1927
0.0867,0.1928
0.0859,0.1928
0.0895,0.1929
0.0883,0.193
0.0895,0.193
0.0876,0.1932
0.0906,0.1934
0.0892,0.1936
0.0878,0.1939
0.0875,0.1941
0.088,0.194
0.0867,0.194
0.0888,0.194
0.0894,0.1939
0.0897,0.1937
0.0896,0.1933
0.0884,0.1931
0.0899,0.193
0.0867,0.1928
0.0866,0.1928
0.087,0.1928
0.0873,0.1927
0.0882,0.1927
0.0881,0.1927
0.0875,0.1927
0.086,0.1927
0.0846,0.1927
0.0845,0.1926
0.0836,0.1926
0.0846,0.1926
0.0838,0.1926
0.0843,0.1925
0.0853,0.1924
0.0864,0.1922
0.0882,0.1921
0.0939,0.1917
0.0953,0.1914
0.1,0.1909
0.1044,0.1903
0.1072,0.1895
0.112,0.1892
0.1205,0.189
0.1371,0.1885
,
,
,
,
,
,
,
,
,
,
,
,
,
,
,
,
,
,
,
,
,
,
,
,
,
,
,
,
,
,
,
,
,
,
,
,
,
,
,
,
,
,
,
,
,
,
,
,
,
,
,
,
,
,
,
,
,
,
,
,
,
,
,
,
,
,
,
,
,
,
,
,
,
,
,
,
,
,
,
,
,
,
,
,
,
,
,
,
,
,
99.772,97.5954
,
,
,
,
,
,
,
,
,
,
,
,
,
,
,
,
,
,
,
,
,
,
,
,
44.9735,95.646
0.0928,0.1933
0.0817,0.1928
0.0818,0.1927
0.082,0.1927
0.0803,0.1927
0.081,0.1927
0.0872,0.1927
0.1104,0.1927
0.1497,0.1927
0.193,0.1927
0.3334,0.1927
0.6935,0.1927
1.027,0.1927
0.925,0.1927
1.2766,0.1927
1.1296,0.1927
0.8512,0.1927
0.7212,0.1927
0.6261,0.1927
0.3481,0.1927
0.3133,0.1927
0.3391,0.1927
0.464,0.1927
2.3961,0.1927
9.2814,0.1927
10.7701,0.1927
9.5712,0.1927
15.0179,0.1927
21.4306,0.1927
18.5242,0.1927
,
6.6358,0.1927
4.1561,0.1927
1.8392,0.1927
1.5582,0.1927
0.6281,0.1927
0.4082,0.1927
0.3698,0.1927
0.3298,0.1927
0.305,0.1927
0.3121,0.1927
0.2505,0.1927
0.1996,0.1927
0.2623,0.1927
0.2839,0.1927
0.2662,0.1927
0.2073,0.1927
0.2033,0.1927
0.1698,0.1927
0.1558,0.1927
0.1805,0.1927
0.1576,0.1927
0.1146,0.1927
0.1104,0.1927
0.1047,0.1927
0.1106,0.1927
0.1262,0.1927
0.186,0.1927
0.1862,0.1927
0.2189,0.1927
0.2467,0.1927
0.3011,0.1927
0.1969,0.1927
0.1632,0.1927
0.1431,0.1927
0.1421,0.1927
0.1492,0.1927
0.1418,0.1927
0.1261,0.1927
0.1227,0.1927
0.1119,0.1927
0.1081,0.1927
0.1047,0.1927
0.1006,0.1927
0.0991,0.1927
0.0948,0.1927
0.0988,0.1927
0.1037,0.1927
0.1076,0.1926
0.1042,0.1926
0.0938,0.1926
0.0887,0.1926
0.0926,0.1926
0.0925,0.1926
0.0931,0.1926
0.0978,0.1925
0.0973,0.1925
0.0972,0.1925
0.097,0.1925
0.0974,0.1924
0.1028,0.1925
0.1022,0.1925
0.1044,0.1925
0.1013,0.1925
0.1087,0.1926
0.1084,0.1926
0.1064,0.1926
0.1067,0.1926
0.097,0.1926
0.0933,0.1926
0.0893,0.1926
0.0872,0.1926
0.086,0.1926
0.0859,0.1926
0.0858,0.1926
0.0846,0.1926
0.0841,0.1926
0.0852,0.1926
0.087,0.1926
0.0935,0.1926
0.1061,0.1926
0.0999,0.1926
0.0904,0.1926
0.0878,0.1926
0.087,0.1926
0.091,0.1925
0.0887,0.1926
0.0854,0.1926
0.0845,0.1925
0.0826,0.1925
0.0836,0.1925
0.084,0.1926
0.0819,0.1926
0.0811,0.1925
0.0804,0.1925
0.0804,0.1925
0.0806,0.1925
0.0808,0.1925
0.0811,0.1925
0.0822,0.1925
0.0824,0.1925
0.0826,0.1925
0.0907,0.1924
0.099,0.1925
0.0974,0.1925
0.0909,0.1925
0.0901,0.1925
0.0905,0.1925
0.0855,0.1925
0.0829,0.1925
0.0829,0.1926
0.0816,0.1926
0.0808,0.1926
0.0809,0.1926
0.0922,0.1926
0.1043,0.1926
0.0861,0.1927
0.0885,0.1927
0.0914,0.1927
0.0862,0.1927
,
,
,
,
,
,
,
,
,
,
,
,
,
,
,
,
,
,
,
,
,
,
,
,
,
,
99.9192,0.0002
,
,
,
,
,
,
,
,
,
,
,
,
,
,
,
,
,
,
,
,
,
,
,
,
0.1571,98.1957
0.0989,0.1949
0.3269,0.1935
0.1187,0.1927
0.1972,0.1928
0.4275,0.1928
0.5762,0.1931
0.6663,0.1928
1.6579,0.1928
1.2927,0.1928
1.3633,0.1926
1.4945,0.1923
0.509,0.1919
0.1582,0.1916
0.2083,0.1911
,
,
,
,
,
,
,
,
,
,
,
,
,
2.3689,0.1535
,
,
,
,
,
,
,
,
,
,
,
,
,
,
,
,
,
,
,
,
,
,
,
,
,
,
,
,
,
,
,
,
,
,
,
,
,
,
,
,
,
,
,
,
,
,
,
,
,
,
,
,
,
,
,
,
,
,
,
,
,
,
,
,
,
,
,
,
,
,
,
,
,
,
,
,
,
,
,
,
,
,
,
,
,
,
,
,
,
,
,
,
,
,
,
,
,
,
,
,
,
,
,
,
,
,
,
,
,
,
,
,
,
,
68.3415,0.1219
0.1977,0.3702
0.9964,0.2927
0.7773,0.0807
0.3638,0.096
0.8218,0.0644
0.3503,0.0964
0.6799,0.0695
0.1421,0.1442
0.0914,0.1807
0.1008,0.1865
0.0929,0.1889
0.0885,0.1902
0.1013,0.1908
0.1611,0.1913
1.916,0.1918
4.598,0.192
6.8751,0.1922
2.3534,0.1924
0.1315,0.1924
0.0866,0.1925
0.08,0.1925
0.0794,0.1926
0.0793,0.1926
0.0792,0.1926
0.0793,0.1926
0.0794,0.1926
0.0804,0.1927
0.0805,0.1927
0.0802,0.1927
0.0803,0.1927
0.0817,0.1927
0.0828,0.1927
0.082,0.1927
0.0832,0.1927
0.0841,0.1927
0.089,0.1927
0.0897,0.1926
0.1052,0.1926
0.1088,0.1926
0.1095,0.1926
0.0961,0.1926
0.0943,0.1926
0.0933,0.1926
0.088,0.1926
0.0831,0.1926
,
,
,
,
,
,
,
,
,
,
,
,
,
99.8513,0.1931
59.9355,0.1937
0.7559,0.1936
0.2864,0.1933
0.1949,0.1931
0.111,0.1928
,
,
,
,
,
,
,
,
,
,
,
,
,
,
,
,
,
,
,
,
,
,
,
,
,
,
,
,
,
,
,
,
,
,
,
,
,
,
,
,
,
,
,
,
,
61.1769,98.432
68.3665,98.5956
0.3609,86.7659
0.1144,5.8658
0.1229,0.8002
0.1202,0.3217
0.0958,0.2527
0.1003,0.2632
0.1054,0.2523
0.0917,0.239
0.0971,0.2183
0.1076,0.2222
0.1286,0.2
0.1515,0.1877
0.2132,0.1587
0.3156,0.1304
0.5628,0.0962
0.9172,0.0697
1.0048,0.0658
0.927,0.0711
1.0057,0.0706
0.8421,0.0777
0.7473,0.0802
1.1596,0.0599
1.1222,0.056
3.1976,0.0305
9.2517,0.0165
30.6035,0.0074
60.5141,0.0038
90.0145,0.0015
97.4151,0.0007
98.8625,0.0004
99.3727,0.0003
99.5475,0.0003
99.4873,0.0003
99.4593,0.0003
99.5633,0.0003
99.648,0.0002
99.7008,0.0002
99.7087,0.0002
99.7301,0.0002
99.7737,0.0002
99.818,0.0002
99.8538,0.0001
99.8631,0.0001
99.8871,0.0001
99.8966,0.0001
99.8978,0.0001
99.9071,0.0001
99.9091,0.0001
99.9114,0.0001
99.913,0.0001
99.9148,0.0001
99.9153,0.0001
99.9162,0.0001
99.9173,0.0001
99.9177,0.0001
99.9184,0.0001
99.9189,0.0001
99.9193,0.0001
99.9194,0.0001
99.9195,0.0001
99.9195,0.0001
99.9196,0.0001
99.9195,0.0001
99.9191,0.0001
99.9189,0.0001
99.9186,0.0001
99.9189,0.0001
99.9184,0.0001
99.9181,0.0001
99.9179,0.0001
99.9174,0.0001
99.9165,0.0001
99.9161,0.0001
99.9151,0.0001
99.9141,0.0001
99.913,0.0001
,
,
,
,
,
,
,
,
,
,
,
,
,
,
,
,
,
,
,
,
,
,
,
,
,
,
,
,
,
,
,
,
,
,
,
,
,
,
,
,
,
,
,
,
,
,
,
,
,
,
,
,
,
,
,
,
,
,
,
,
,
,
,
,
,
,
,
,
,
,
,
,
,
,
,
,
,
,
,
,
,
,
,
,
,
,
,
,
,
,
,
,
,
,
,
,
,
,
,
,
,
,
,
,
,
,
,
,
,
,
,
,
,
,
,
,
,
,
,
,
,
,
,
,
,
,
,
,
,
,
,
,
,
,
,
,
,
,
,
,
,
,
,
,
,
,
,
,
,
,
,
,
,
,
,
,
,
,
,
,
,
,
,
,
,
,
,
,
,
,
,
,
,
,
,
,
,
,
,
,
,
,
,
,
,
,
,
,
,
,
,
,
,
,
,
,
,
,
,
,
,
,
,
,
,
,
,
,
,
,
,
,
,
,
,
,
,
,
,
,
,
,
,
,
,
,
,
,
,
,
99.8456,0.0399
0.0819,0.1986
0.0798,0.2003
0.0826,0.2073
0.0875,0.2013
0.0954,0.2004
0.0934,0.2022
0.0971,0.2134
0.0986,0.2355
0.1017,0.2669
0.1012,0.2641
0.1045,0.2507
0.1022,0.2601
0.0969,0.2161
0.112,0.1849
0.1224,0.1735
0.1404,0.1524
0.1409,0.1514
0.1465,0.1474
0.1385,0.1511
0.1288,0.1554
0.1275,0.1576
0.1267,0.1604
0.1293,0.1577
0.1216,0.1631
0.1797,0.1344
0.2869,0.1035
0.6142,0.068
1.2077,0.0473
2.6001,0.0313
8.1647,0.0165
,
,
,
,
,
,
,
,
,
,
,
,
,
,
,
,
,
,
,
,
,
,
,
,
,
,
,
,
,
,
,
,
,
,
,
,
,
,
,
,
,
,
,
,
,
,
,
,
,
,
,
,
,
,
,
,
,
,
,
,
,
,
,
,
,
,
,
,
,
,
,
,
,
,
,
,
,
,
,
,
,
,
,
,
,
,
,
,
,
,
99.9207,90.9597
,
,
,
,
,
,
,
,
,
,
,
,
,
,
,
,
,
,
,
,
,
,
,
,
,
,
,
,
,
,
,
,
,
,
,
,
,
2.905,98.3621
2.1356,98.7273
,
,
,
,
,
,
,
,
,
,
,
,
,
,
,
,
,
,
,
,
,
,
,
,
,
,
,
,
,
,
,
,
,
,
,
,
0.0802,0.3272
0.0967,0.778
0.1112,0.2014
0.1664,0.1942
0.1178,0.1932
0.0918,0.193
0.0862,0.1931
0.0852,0.1929
0.084,0.1928
0.0948,0.1928
0.1009,0.1928
0.1188,0.1928
0.1032,0.1928
0.1263,0.1927
0.1997,0.1927
0.1726,0.1927
,
,
,
,
,
,
,
,
,
,
,
,
,
,
,
,
,
,
,
,
,
,
,
,
,
,
,
,
,
,
,
,
,
,
,
,
,
,
,
,
,
,
,
,
,
,
,
,
,
,
,
,
,
,
,
,
,
,
,
,
,
,
,
,
,
,
,
,
,
,
,
,
,
,
,
,
,
,
,
,
,
,
,
,
,
,
,
,
,
,
,
,
,
,
,
,
,
,
,
,
,
,
,
,
,
,
,
,
,
,
,
,
,
,
,
,
,
,
,
,
,
,
,
,
,
,
,
,
,
,
,
,
,
,
,
,
,
,
,
,
,
99.9204,0.0001
99.9206,0.0001
99.9205,0.0001
99.9203,0.0001
99.9199,0.0001
99.9195,0.0001
99.9192,0.0001
99.9194,0.0001
99.9193,0.0001
99.919,0.0001
99.9193,0.0001
99.9191,0.0001
99.919,0.0001
99.9191,0.0001
99.9193,0.0001
99.9193,0.0001
99.9193,0.0001
99.9194,0.0001
99.9194,0.0001
99.9195,0.0001
99.9197,0.0001
99.9197,0.0001
99.9198,0.0001
99.9198,0.0001
99.9197,0.0001
99.9196,0.0001
99.9193,0.0001
99.9191,0.0001
99.919,0.0001
99.9188,0.0001
99.9189,0.0001
99.9189,0.0001
99.9188,0.0001
99.919,0.0001
99.9186,0.0001
99.9186,0.0001
99.9186,0.0001
99.9179,0.0001
99.9172,0.0001
99.9175,0.0001
99.9172,0.0001
99.9169,0.0001
99.9172,0.0001
99.9162,0.0001
99.9147,0.0001
99.9152,0.0001
99.9158,0.0001
99.9157,0.0001
99.9157,0.0001
99.9157,0.0001
99.9164,0.0001
99.916,0.0001
,
,
,
,
,
,
,
,
,
,
,
,
,
,
,
,
,
,
,
,
,
,
,
,
,
,
,
,
,
,
,
,
,
,
,
,
,
,
,
,
,
,
,
,
,
,
,
,
,
,
,
,
,
,
,
,
,
,
,
,
,
,
,
,
,
,
,
,
,
,
,
,
,
,
,
,
,
,
,
,
,
,
,
,
,
,
,
,
,
,
,
,
,
,
,
,
,
,
,
,
,
,
,
,
,
,
,
,
,
,
,
,
,
,
,
,
,
,
,
,
,
,
,
,
,
,
,
,
,
,
,
,
,
,
,
,
,
,
,
,
99.9209,0.0001
,
,
,
,
,
,
,
,
,
,
,
,
,
,
,
,
,
,
,
,
,
,
,
,
,
,
,
,
,
,
,
,
,
,
,
,
,
,
,
,
,
,
,
,
,
,
,
,
,
,
,
,
,
,
,
,
,
,
,
,
,
,
,
,
,
,
,
,
,
,
,
,
,
,
,
,
,
,
,
,
,
,
,
,
,
,
,
,
,
,
,
,
,
,
,
,
,
,
,
,
,
,
,
,
,
,
,
,
,
,
,
,
,
99.2732,0.2274
0.3435,0.1931
0.3536,0.1916
0.2167,0.1922
0.1093,0.1924
0.1157,0.1924
0.1064,0.1925
0.1006,0.1926
0.1289,0.1926
0.198,0.1926
0.2488,0.1926
0.3279,0.1926
0.4368,0.1926
0.4659,0.1926
0.5152,0.1926
0.6098,0.1926
0.6335,0.1926
0.7785,0.1926
1.1107,0.1926
1.3965,0.1926
1.6261,0.1926
1.9325,0.1926
2.2089,0.1926
2.3426,0.1926
3.8708,0.1926
4.2289,0.1926
7.6765,0.1926
15.5676,0.1926
12.0724,0.1926
10.921,0.1926
5.8808,0.1926
2.4884,0.1925
0.976,0.1925
0.4756,0.1925
0.2908,0.1925
0.2056,0.1925
0.1578,0.1926
0.1356,0.1926
0.1316,0.1926
0.1162,0.1926
0.1063,0.1926
0.1002,0.1926
0.0932,0.1926
0.0898,0.1926
0.0896,0.1926
0.09,0.1926
0.0905,0.1926
0.0887,0.1926
0.0886,0.1927
0.088,0.1927
0.0867,0.1927
0.0856,0.1927
0.0856,0.1927
0.0857,0.1927
0.0863,0.1927
0.0932,0.1927
0.1051,0.1927
0.1222,0.1927
0.1419,0.1927
0.1547,0.1927
0.1641,0.1927
0.186,0.1927
0.1761,0.1927
0.1819,0.1927
0.1744,0.1927
0.2062,0.1927
0.285,0.1927
0.4069,0.1927
0.2889,0.1927
0.2074,0.1927
0.1642,0.1927
0.1753,0.1927
0.1486,0.1927
0.145,0.1927
0.1337,0.1927
0.1273,0.1927
0.1372,0.1927
0.1623,0.1927
0.203,0.1927
0.1886,0.1927
0.1905,0.1927
0.1738,0.1927
0.1598,0.1927
0.1393,0.1927
0.1234,0.1927
0.1073,0.1927
0.0941,0.1927
0.0875,0.1927
0.0842,0.1927
0.0824,0.1927
0.0839,0.1927
0.0884,0.1928
0.0929,0.1928
0.103,0.1929
0.0983,0.193
0.0962,0.1931
0.0956,0.1931
0.0882,0.1932
0.0842,0.1933
0.0828,0.1933
0.0821,0.1934
0.0818,0.1935
0.081,0.1936
0.0805,0.1934
0.0801,0.1933
0.0799,0.1931
0.0798,0.193
0.0797,0.1929
0.0797,0.1928
0.0806,0.1926
0.0807,0.1926
0.081,0.1926
0.0821,0.1924
0.0848,0.1923
,
,
,
,
,
,
,
,
,
,
,
,
,
,
,
,
,
,
,
,
,
,
,
,
,
,
,
,
,
,
,
,
,
,
,
,
,
,
,
,
,
,
,
,
,
,
,
,
,
,
,
,
,
,
,
,
,
,
,
,
,
,
,
,
,
,
,
,
,
,
,
,
,
,
,
,
,
,
,
,
,
,
,
,
,
,
,
,
,
,
,
,
,
,
,
,
,
,
,
,
,
,
,
,
,
,
,
,
,
,
,
,
,
,
,
,
,
,
,
,
,
,
,
,
,
,
,
,
13.2404,98.5993
5.2413,0.8397
0.136,0.1962
0.0913,0.1932
0.0841,0.1929
0.0873,0.1927
0.0839,0.1927
0.0963,0.1927
0.1095,0.1927
0.1779,0.1927
0.2914,0.1927
0.3363,0.1927
0.5165,0.1927
0.2898,0.1927
0.2467,0.1927
0.2012,0.1927
0.2692,0.1927
0.239,0.1927
0.2764,0.1927
0.1964,0.1927
0.1639,0.1927
0.1407,0.1927
0.138,0.1927
0.1575,0.1927
0.3018,0.1927
0.3551,0.1927
1.2917,0.1927
1.5578,0.1927
,
,
,
,
,
,
,
,
,
,
,
,
,
,
,
,
,
,
,
,
,
,
,
,
,
,
,
,
,
,
,
,
,
,
,
,
,
,
,
,
,
,
,
,
,
,
,
,
,
,
,
,
,
,
,
,
,
,
,
,
,
,
,
,
,
99.4652,0.0011
9.2442,57.7486
,
,
,
,
,
,
,
,
,
,
,
,
,
,
,
,
,
,
,
,
,
,
,
,
,
,
,
,
,
,
,
,
,
,
,
,
,
,
,
,
,
,
,
,
,
,
,
,
,
99.8131,32.3808
,
,
,
,
,
,
,
,
,
,
,
99.4451,0.0084
99.7794,0.0045
99.2747,0.0004
99.3883,0.0003
99.7127,0.0002
99.835,0.0002
99.8357,0.0002
99.8632,0.0001
99.8849,0.0001
99.8981,0.0001
99.9019,0.0001
99.9022,0.0001
99.9075,0.0001
99.9063,0.0001
99.903,0.0001
99.9018,0.0001
99.8991,0.0001
99.8997,0.0001
99.8981,0.0001
99.899,0.0001
99.8984,0.0001
99.9001,0.0001
99.8973,0.0001
99.8889,0.0001
99.8783,0.0001
99.8744,0.0001
99.8743,0.0001
99.8832,0.0001
99.8757,0.0001
99.8509,0.0001
99.835,0.0002
99.8268,0.0002
99.7987,0.0002
99.7488,0.0002
99.7642,0.0002
99.805,0.0002
99.8208,0.0002
99.8466,0.0002
99.8652,0.0001
99.8692,0.0001
99.8808,0.0001
99.8774,0.0001
99.8506,0.0002
99.8032,0.0002
99.7197,0.0002
99.465,0.0003
99.3185,0.0003
99.2857,0.0003
99.1924,0.0004
99.4295,0.0003
99.2615,0.0003
98.9115,0.0004
98.9864,0.0004
99.3724,0.0003
98.9246,0.0004
97.1161,0.0007
93.4521,0.0011
91.5005,0.0013
66.7551,0.0032
30.0721,0.0072
7.4846,0.0174
1.5693,0.0407
0.706,0.0621
0.4782,0.0764
0.3067,0.0968
1.4385,0.1018
1.4838,0.084
0.7781,0.0739
0.4512,0.0781
0.6683,0.0634
0.8238,0.0568
1.3707,0.0432
2.51,0.0312
1.1198,0.0528
2.8527,0.0922
2.0882,0.1209
2.1768,0.1392
2.095,0.1585
1.6554,0.1594
1.5379,0.163
1.9123,0.1683
1.3267,0.1745
1.1778,0.1773
0.5995,0.1828
0.2913,0.1849
0.1636,0.1873
0.1437,0.1894
0.1448,0.1911
0.1353,0.1917
0.1294,0.1918
0.1371,0.1918
0.1054,0.192
0.0922,0.1916
0.0942,0.1916
0.0872,0.1917
0.0907,0.1919
0.0944,0.192
0.0977,0.1917
,
,
,
,
,
,
,
,
,
,
,
,
,
,
,
,
,
,
,
,
,
,
,
,
,
,
,
,
,
,
,
,
,
,
,
,
,
,
,
,
,
,
,
,
,
,
,
,
,
,
,
,
,
,
,
,
,
,
,
,
,
,
,
,
,
,
,
,
,
,
,
,
,
,
,
,
,
,
,
,
,
,
,
,
,
,
,
,
,
,
,
,
,
,
,
,
,
,
,
,
,
,
,
,
,
,
,
,
,
,
,
,
,
,
,
,
,
,
,
,
,
,
,
,
,
,
,
,
70.6956,0.2041
,
,
,
,
,
,
,
,
,
,
,
,
,
,
,
,
,
,
,
,
,
,
,
,
,
,
,
,
,
,
,
,
,
,
,
,
,
99.9202,0.1402
99.9021,0.1872
98.921,0.1923
,
,
,
,
,
,
,
,
,
,
,
,
,
,
,
,
,
,
,
,
,
,
,
99.9103,0.0515
,
,
,
,
,
,
,
,
,
,
,
,
,
,
,
,
,
,
,
,
,
,
,
,
,
,
,
,
,
,
,
,
,
,
,
,
,
99.9209,0.0001
99.9208,0.0001
99.9208,0.0001
99.9208,0.0001
99.9209,0.0001
99.9209,0.0001
99.9208,0.0001
99.9208,0.0001
99.9207,0.0001
99.9207,0.0001
99.9206,0.0001
99.9205,0.0001
99.9205,0.0001
99.9205,0.0001
99.9205,0.0001
99.9205,0.0001
99.9205,0.0001
99.9204,0.0001
99.9203,0.0001
99.9203,0.0001
99.9196,0.0001
99.919,0.0001
99.9181,0.0001
99.9165,0.0001
99.9128,0.0001
99.9042,0.0001
99.8833,0.0001
99.8526,0.0001
99.6782,0.0002
99.4412,0.0003
98.8978,0.0004
95.3864,0.0009
,
,
,
,
,
,
,
,
,
,
,
,
,
,
,
,
,
,
,
,
,
,
,
,
,
,
,
,
,
,
,
,
,
,
,
,
,
,
,
,
,
,
,
,
,
,
,
,
,
,
,
,
,
,
,
,
,
,
,
,
,
,
,
,
,
,
,
,
,
,
,
,
,
,
,
,
,
13.6568,98.6962
0.2197,35.8014
0.1044,54.8395
0.1031,0.8161
0.0907,0.4212
0.0842,0.2348
0.0819,0.203
0.0825,0.203
0.0841,0.2003
0.0868,0.1976
0.0874,0.1971
0.0884,0.1964
0.0869,0.1978
0.0865,0.1989
0.0845,0.1991
0.0856,0.1997
0.087,0.2001
0.0905,0.1995
0.1109,0.1982
0.1101,0.1962
0.1062,0.1951
0.1092,0.1948
0.1265,0.1942
0.1921,0.1923
0.3657,0.1855
1.6532,0.1774
6.0877,0.169
5.7236,0.156
10.8209,0.1256
14.8119,0.0805
19.4837,0.0371
21.3304,0.0187
38.1401,0.0081
70.9219,0.0032
,
,
,
,
,
,
,
,
,
,
,
,
,
,
,
,
,
,
,
,
,
,
,
,
,
,
,
,
,
,
,
,
,
,
,
,
,
,
,
,
,
,
,
,
,
,
,
,
,
,
,
,
,
,
,
,
,
,
,
,
,
,
,
,
,
,
,
,
,
,
,
,
,
,
,
,
,
,
,
,
,
,
,
,
,
,
,
,
,
,
,
,
,
,
,
,
,
,
,
,
,
,
,
,
,
,
,
,
,
,
,
,
,
,
,
,
,
,
,
,
,
,
,
,
,
,
,
,
,
,
,
,
,
,
,
,
,
,
,
,
,
49.8627,0.6776
0.5926,0.1945
0.1835,0.1924
1.726,0.1922
4.0698,0.192
16.7066,0.192
24.4892,0.1912
28.9633,0.1869
22.1181,0.1856
15.565,0.178
6.9901,0.1727
3.7186,0.165
2.0596,0.1563
0.8602,0.1522
0.4811,0.1418
0.4596,0.1176
0.8312,0.0959
2.2979,0.0717
7.8398,0.0515
14.259,0.0305
17.6245,0.0203
28.8792,0.0149
34.3487,0.0077
42.6378,0.0053
75.4555,0.0025
94.1845,0.0011
98.626,0.0005
,
99.6929,0.0002
99.817,0.0002
,
,
,
,
,
,
,
,
,
,
,
,
,
,
,
,
,
,
,
,
,
,
,
,
,
,
,
,
,
,
,
,
,
,
,
,
91.8979,0.0099
99.7378,0.0003
99.8928,0.0001
99.9081,0.0001
99.9104,0.0001
99.9132,0.0001
99.9166,0.0001
99.9168,0.0001
99.9171,0.0001
99.9171,0.0001
99.9158,0.0001
99.9168,0.0001
99.916,0.0001
99.9166,0.0001
99.917,0.0001
99.9173,0.0001
99.9153,0.0001
99.917,0.0001
99.9174,0.0001
,
,
,
,
,
,
,
,
,
,
,
,
,
,
,
,
,
,
,
,
,
,
,
,
,
,
,
,
,
,
,
,
,
,
,
,
,
,
,
,
,
,
,
,
,
,
,
,
,
,
,
,
99.5935,0.8148
,
,
,
,
,
,
,
,
,
,
,
36.6158,0.2418
,
,
,
,
,
,
,
,
,
,
,
,
,
,
,
,
,
,
,
,
,
,
,
,
,
,
,
,
,
,
,
,
,
,
,
,
,
43.0462,25.941
0.9674,0.1897
0.2876,0.1895
0.2942,0.1918
0.2234,0.192
0.3118,0.1923
0.113,0.1925
0.1197,0.1926
0.121,0.1926
0.122,0.1927
0.1128,0.1927
0.0896,0.1927
0.0957,0.1927
0.1018,0.1927
0.1014,0.1927
0.0842,0.1927
0.084,0.1927
0.0858,0.1927
0.0862,0.1927
0.0849,0.1927
0.0855,0.1927
0.1003,0.1927
0.1115,0.1927
0.1078,0.1927
0.1296,0.1927
0.1137,0.1927
,
0.25,0.1927
0.2103,0.1927
1.5169,0.1927
4.9522,0.1927
2.6724,0.1927
0.5738,0.1927
0.1271,0.1927
0.1011,0.1927
0.0839,0.1927
0.084,0.1927
0.0846,0.1927
0.0879,0.1927
0.0897,0.1927
0.0911,0.1927
0.0927,0.1927
0.0949,0.1927
0.0949,0.1927
0.0977,0.1927
0.0988,0.1927
0.0998,0.1927
0.1192,0.1927
0.3155,0.1927
0.2415,0.1927
0.1786,0.1927
0.1296,0.1927
0.091,0.1927
0.0843,0.1927
0.084,0.1927
0.0861,0.1927
0.0888,0.1927
0.0938,0.1927
0.1026,0.1927
0.1005,0.1927
0.1048,0.1927
0.1087,0.1927
0.1037,0.1927
0.1037,0.1927
0.1078,0.1927
0.1837,0.1927
0.1979,0.1927
0.4169,0.1927
0.6191,0.1927
0.3821,0.1927
0.1535,0.1927
0.1482,0.1927
0.1857,0.1927
0.1754,0.1927
0.1762,0.1927
0.172,0.1927
0.1818,0.1927
0.2089,0.1927
0.2057,0.1927
0.1487,0.1927
0.1297,0.1927
0.1082,0.1927
0.0968,0.1927
0.0958,0.1927
0.1034,0.1927
0.1154,0.1927
0.1295,0.1927
0.1261,0.1927
0.1268,0.1927
0.1316,0.1927
0.1366,0.1927
0.201,0.1927
0.2806,0.1927
0.4804,0.1927
1.2295,0.1927
2.0711,0.1927
3.9495,0.1927
7.4799,0.1927
12.583,0.1927
21.1644,0.1927
28.1679,0.1927
34.3006,0.1927
39.329,0.1927
44.4827,0.1927
46.542,0.1927
48.2283,0.1927
49.1309,0.1927
49.6802,0.1927
49.6767,0.1927
49.53,0.1927
49.5646,0.1927
49.4338,0.1927
49.2454,0.1927
48.6524,0.1927
47.2723,0.1927
47.1166,0.1927
46.9539,0.1927
46.7242,0.1927
46.386,0.1927
45.725,0.1927
44.7274,0.1927
45.3456,0.1927
43.8491,0.1927
42.8598,0.1927
39.7018,0.1927
28.2556,0.1927
19.4839,0.1927
8.7857,0.1927
3.3482,0.1927
1.3131,0.1927
10.7721,0.1926
10.0148,0.1926
2.4777,0.1926
0.7643,0.1926
0.1189,0.1926
0.0883,0.1927
0.0869,0.1927
0.0868,0.1927
0.0873,0.1927
0.0859,0.1927
0.0833,0.1927
0.0812,0.1927
0.0802,0.1927
0.0799,0.1927
0.08,0.1927
0.0802,0.1927
0.081,0.1927
0.0812,0.1927
0.0809,0.1927
0.0807,0.1927
0.0808,0.1927
0.0811,0.1927
0.0814,0.1927
0.0821,0.1927
0.0824,0.1927
0.083,0.1927
0.0851,0.1927
0.088,0.1927
0.0887,0.1927
0.0899,0.1927
0.0943,0.1927
0.0993,0.1927
0.102,0.1927
0.0946,0.1927
0.1023,0.1927
0.1226,0.1927
0.1404,0.1928
0.2112,0.1928
0.3313,0.1928
0.6597,0.1928
0.2733,0.1928
0.1175,0.1927
0.0937,0.1927
0.0869,0.1927
0.086,0.1927
0.0838,0.1927
0.0833,0.1927
0.0837,0.1928
0.0841,0.1928
0.0868,0.1928
0.1151,0.1928
0.4324,0.1928
0.7368,0.1928
8.7483,0.1928
7.9263,0.1928
2.0121,0.1928
0.3498,0.1928
0.0997,0.1928
0.0995,0.1927
0.1042,0.1926
0.1122,0.1927
0.1176,0.1928
0.1282,0.1929
0.1252,0.1928
0.0911,0.1927
0.0839,0.1927
0.0817,0.1927
0.0807,0.1927
0.0805,0.1927
0.0825,0.1927
0.0883,0.1927
0.0901,0.1927
0.09,0.1927
0.0871,0.1927
0.0879,0.1927
0.0836,0.1927
0.0803,0.1927
0.0803,0.1927
0.0814,0.1927
0.0872,0.1927
0.0805,0.1927
0.0801,0.1927
0.0807,0.1927
0.0818,0.1927
0.0825,0.1927
0.0825,0.1927
0.0835,0.1927
0.0834,0.1927
0.0851,0.1927
0.0862,0.1927
0.0911,0.1927
0.0961,0.1927
0.1013,0.1927
0.108,0.1927
0.1194,0.1927
0.129,0.1927
0.1374,0.1927
0.1528,0.1927
0.1618,0.1927
0.1717,0.1927
0.178,0.1927
0.162,0.1927
0.1786,0.1927
0.23,0.1927
0.2058,0.1927
0.1905,0.1927
0.1609,0.1927
0.142,0.1927
0.1405,0.1927
0.1294,0.1926
0.1486,0.1926
0.1443,0.1925
0.1366,0.1925
0.1263,0.1924
0.114,0.1921
0.0995,0.1914
0.0924,0.1893
0.0901,0.1874
0.0894,0.1851
0.0879,0.1843
0.0899,0.185
0.0914,0.187
0.0929,0.1891
0.0931,0.1908
0.0951,0.1912
0.0954,0.1921
0.094,0.1925
,
,
,
,
,
,
,
,
,
,
,
,
,
,
,
,
,
,
,
,
,
,
,
,
,
,
,
,
,
,
,
,
,
,
,
,
,
,
,
,
,
,
,
,
,
,
,
,
,
,
,
,
,
,
,
,
,
,
,
,
,
,
,
,
,
,
,
,
,
,
,
,
,
,
,
,
,
,
,
,
,
,
,
,
,
,
,
,
,
99.9189,0.0001
99.9091,0.0001
99.9086,0.0001
99.9031,0.0001
,
,
,
,
,
,
,
,
,
,
,
,
,
,
,
,
,
,
,
,
,
,
99.9132,0.0001
,
,
,
,
,
,
,
,
,
,
,
,
,
,
,
,
,
,
,
,
,
,
,
,
,
,
,
,
,
,
,
,
,
,
,
,
,
,
,
,
,
,
,
,
,
,
,
,
,
,
0.0,0.0
96.1291,0.0204
99.3436,0.0003
,
,
,
,
,
,
,
,
,
,
,
,
,
,
,
,
,
,
,
,
,
,
98.5755,0.0007
0.7046,0.3044
0.1224,0.1937
0.1795,0.1928
0.1912,0.1927
0.3246,0.1927
0.5821,0.1927
1.1801,0.1927
2.0274,0.1927
3.1498,0.1927
5.044,0.1927
7.5236,0.1927
8.8892,0.1927
23.3788,0.1927
26.1673,0.1927
28.1419,0.1927
29.8619,0.1927
32.07,0.1927
18.4827,0.1927
7.9506,0.1927
1.165,0.1927
0.2191,0.1927
0.1215,0.1927
0.0882,0.1927
0.0815,0.1927
0.0864,0.1926
0.1064,0.1926
0.105,0.1924
0.1196,0.1921
0.1247,0.1916
0.1505,0.1903
0.2923,0.1872
0.5845,0.1818
0.5821,0.172
1.487,0.1557
3.8006,0.1238
4.55,0.0761
3.7361,0.0322
16.7745,0.0105
63.3214,0.0034
89.9185,0.0014
96.985,0.0007
99.1508,0.0004
99.6528,0.0002
99.7746,0.0002
99.7987,0.0002
99.8159,0.0002
99.7751,0.0002
99.6811,0.0002
99.5848,0.0003
99.4032,0.0003
98.8446,0.0004
98.2192,0.0006
96.4562,0.0008
95.0856,0.001
88.6728,0.0015
82.3218,0.002
63.1564,0.0034
,
,
,
,
,
,
,
,
,
,
,
,
,
,
,
,
,
,
,
,
,
,
,
,
,
,
,
,
,
,
,
,
,
,
,
,
,
,
,
,
,
,
,
,
,
,
,
,
,
,
,
,
,
,
,
,
,
,
,
,
,
,
,
,
,
99.9083,0.759
,
,
,
,
,
,
,
,
,
,
,
,
96.4071,0.0743
,
,
,
,
,
,
,
,
,
,
,
82.2558,0.0021
,
,
,
,
,
,
,
,
,
,
,
,
,
,
,
,
,
,
,
,
,
,
,
,
,
,
,
,
,
,
,
,
,
,
,
,
,
,
,
,
,
,
,
,
,
,
,
,
,
,
99.9164,0.0298
,
,
,
,
,
,
,
,
,
,
,
,
,
,
,
,
,
,
,
,
,
,
,
,
,
,
,
,
,
,
,
,
,
,
,
,
,
,
,
,
,
,
,
,
,
,
,
,
,
,
,
,
,
,
,
,
,
,
,
,
,
,
,
,
,
,
,
,
,
,
,
,
,
,
,
,
,
,
,
,
,
,
,
,
,
,
,
,
,
,
,
,
,
,
,
,
,
,
,
,
,
,
,
,
,
,
,
,
,
,
,
,
,
,
,
,
,
,
,
,
,
,
,
,
,
,
,
,
,
,
,
,
,
,
,
,
,
,
,
,
,
,
,
,
,
,
,
,
,
,
,
,
,
,
,
,
,
,
,
,
,
,
,
,
,
,
,
,
,
,
,
,
,
,
,
,
,
,
,
,
,
,
,
,
,
,
,
,
,
,
,
,
,
,
,
,
,
,
,
,
,
,
,
,
,
,
,
,
,
,
,
,
,
,
,
,
,
,
,
,
,
,
,
,
,
,
,
,
,
,
,
,
,
,
,
,
,
,
,
,
,
,
,
,
,
,
,
,
,
,
,
,
,
,
,
,
,
,
,
,
,
,
,
,
,
,
,
,
,
,
,
,
,
,
,
,
,
,
,
0.0863,0.1927
0.1307,0.1919
0.6101,0.1922
0.1002,0.1926
0.0955,0.1926
0.0862,0.1935
,
,
,
,
,
,
,
,
,
,
,
,
,
,
,
,
,
,
,
,
,
,
,
,
,
,
,
,
,
,
,
,
,
,
,
,
,
,
,
,
,
,
,
,
,
,
,
,
,
,
,
,
,
,
,
,
,
99.8817,0.0002
99.8122,0.0003
99.7307,0.0005
98.2148,0.0056
57.2706,0.0655
21.5008,0.0221
14.5531,0.0151
,
,
,
,
,
,
,
,
,
,
,
,
,
,
,
,
,
,
,
,
,
,
,
,
,
,
,
,
,
,
,
,
,
,
,
,
,
,
,
,
,
,
,
,
,
,
,
,
,
,
,
,
,
,
,
,
,
,
,
,
,
,
,
,
,
,
,
,
,
,
,
,
,
,
,
,
,
,
,
,
,
,
,
,
,
,
,
,
,
,
,
,
,
,
,
,
,
,
,
,
,
,
,
,
,
,
,
,
,
,
,
,
,
,
,
,
,
,
,
,
,
,
,
,
,
,
,
,
,
,
,
,
,
,
,
,
,
,
,
,
,
,
,
,
,
,
,
,
,
,
,
,
,
,
,
,
,
,
,
,
,
,
,
,
,
,
,
,
,
,
,
,
,
,
,
,
,
,
,
,
,
,
,
,
,
,
,
,
,
,
,
,
,
,
,
,
,
,
,
,
,
,
,
,
,
,
,
,
,
,
,
,
,
,
,
,
,
,
,
,
,
,
,
,
,
,
,
,
,
,
,
,
,
,
,
,
,
,
,
,
,
,
,
,
,
,
,
99.5077,2.4145
0.1846,0.2367
0.0937,0.1962
0.0953,0.1938
0.0969,0.1932
0.0902,0.1932
0.0882,0.193
0.0847,0.193
0.0845,0.193
0.083,0.1929
0.0805,0.1928
0.0807,0.1927
0.0845,0.1927
0.0848,0.1928
0.0858,0.1927
0.0843,0.1927
0.0858,0.1926
0.0908,0.1925
0.0888,0.1923
0.0906,0.1922
0.0965,0.1919
0.0993,0.1916
0.0948,0.1912
0.0918,0.1914
0.0864,0.1909
0.0874,0.1906
0.0859,0.1907
0.0839,0.1906
0.0824,0.1903
0.0823,0.1902
0.0812,0.1901
0.0816,0.1895
0.082,0.1891
0.0822,0.1889
0.0818,0.1894
0.0815,0.1898
0.0821,0.1891
0.0836,0.1885
0.0863,0.1868
,
,
,
,
,
,
,
,
,
,
,
,
,
,
,
,
,
,
,
,
,
,
,
,
,
,
,
,
,
,
,
,
,
,
,
,
,
,
,
,
,
,
,
,
,
,
,
,
,
,
,
,
,
,
,
,
,
,
,
,
,
,
,
,
,
,
,
,
,
,
,
,
,
,
,
,
,
,
,
,
,
,
,
,
,
,
,
,
,
,
,
,
,
,
,
,
,
,
,
,
,
,
0.0909,0.356
,
,
,
,
,
,
,
,
,
,
,
,
,
,
,
,
,
,
,
,
,
,
,
,
,
,
,
,
,
,
,
,
,
,
,
,
,
,
,
,
,
,
,
,
,
,
,
,
,
,
,
,
,
,
,
,
,
,
,
,
,
,
,
,
,
,
,
,
,
,
,
,
,
,
,
,
,
,
,
,
,
,
,
,
,
,
,
,
0.1819,0.3993
0.0823,0.1936
0.0819,0.1927
0.085,0.1927
0.1922,0.1927
0.822,0.1927
2.3993,0.1927
10.5151,0.1927
15.8267,0.1927
10.4275,0.1927
12.7277,0.1927
11.3037,0.1927
4.2388,0.1927
2.8816,0.1927
0.9206,0.1927
1.0551,0.1927
1.239,0.1927
2.0983,0.1927
1.6366,0.1927
1.0736,0.1927
1.0074,0.1927
0.7116,0.1927
0.4792,0.1927
0.4894,0.1927
,
0.4806,0.1927
0.4176,0.1927
0.3187,0.1927
0.1516,0.1927
0.1299,0.1927
0.1223,0.1927
0.1138,0.1927
0.1194,0.1927
0.1224,0.1927
0.1124,0.1927
0.1074,0.1927
0.1314,0.1927
0.1415,0.1927
0.1497,0.1927
0.117,0.1927
0.1002,0.1927
0.0898,0.1926
0.0916,0.1926
0.0903,0.1926
,
,
,
,
,
,
,
,
,
,
,
,
,
2.7783,0.1914
,
,
,
,
,
,
,
,
,
,
,
,
,
,
,
,
,
,
,
,
,
,
,
,
,
,
,
,
,
,
,
,
,
,
,
,
,
,
,
,
,
,
,
,
,
,
,
,
,
,
,
,
,
,
,
,
,
,
,
,
,
,
,
,
,
,
,
,
,
,
,
,
,
,
,
,
,
,
,
,
,
,
,
,
,
,
,
,
,
,
,
,
,
,
,
,
,
,
,
,
,
,
,
,
,
,
,
,
,
,
,
,
,
27.5595,0.3045
79.2106,0.0023
0.678,0.0667
0.216,0.1576
0.1349,0.1796
0.1083,0.185
0.1155,0.186
0.1107,0.1828
0.1023,0.182
0.0978,0.1829
0.0901,0.1881
0.0864,0.1909
0.0846,0.1916
0.0806,0.1922
0.08,0.1924
0.0804,0.1925
0.0805,0.1926
0.0807,0.1926
0.0818,0.1926
0.0835,0.1926
,
0.0819,0.1926
,
,
,
,
,
,
,
,
,
,
,
,
28.0506,0.1927
0.089,0.1927
,
,
,
,
,
,
,
,
,
,
,
,
,
,
,
,
,
,
,
,
,
,
,
,
,
,
,
,
,
,
,
,
,
,
,
,
,
,
,
,
,
,
,
,
,
,
,
,
,
,
,
,
,
,
,
,
,
,
,
,
,
,
,
,
,
,
,
,
,
,
,
,
,
,
,
,
,
,
,
,
,
,
,
,
,
,
,
,
,
,
,
,
,
,
,
,
,
,
,
,
,
,
,
,
,
,
,
,
,
,
,
,
,
,
,
,
,
,
,
,
,
,
,
,
,
,
,
,
,
,
,
,
,
,
,
,
,
,
,
,
,
,
,
,
,
,
,
,
,
,
,
99.7235,0.1989
2.812,0.1937
,
,
,
,
,
,
,
,
,
,
,
,
,
,
,
,
,
,
,
,
,
,
,
,
,
,
,
,
,
,
,
,
,
,
,
,
,
,
,
,
,
,
,
,
,
,
,
,
,
,
,
,
,
,
,
,
,
,
,
,
,
,
,
,
,
,
,
,
,
,
,
,
,
,
,
,
,
,
,
,
,
,
,
,
,
,
,
,
,
,
,
,
,
,
,
,
,
,
,
99.921,0.0001
99.8758,0.0004
99.9034,0.0001
99.9057,0.0001
99.9142,0.0001
99.9117,0.0001
99.9115,0.0001
99.9134,0.0001
99.9126,0.0001
99.9127,0.0001
99.9134,0.0001
99.9132,0.0001
99.9142,0.0001
99.914,0.0001
99.9146,0.0001
99.9131,0.0001
99.9108,0.0001
99.9097,0.0001
99.9018,0.0001
99.8889,0.0001
99.8753,0.0001
99.8091,0.0002
99.6639,0.0002
99.3145,0.0003
98.3362,0.0005
97.1953,0.0007
83.5463,0.0019
37.7753,0.0059
4.3744,0.0229
1.9878,0.0352
1.1834,0.0463
0.5374,0.0704
,
,
,
,
,
,
,
,
,
,
,
,
,
,
,
,
,
,
,
,
,
,
,
,
,
,
,
,
,
,
,
,
,
,
,
,
,
,
,
,
,
,
,
,
,
,
,
,
,
,
,
,
,
,
,
,
,
,
,
,
,
,
,
,
,
,
,
,
,
,
,
,
,
,
,
,
,
,
,
,
,
,
,
,
,
,
,
,
,
,
,
,
,
,
,
,
,
,
,
,
,
,
39.9269,98.1141
0.4515,89.7348
0.1915,0.316
0.1395,0.1984
0.099,0.1939
0.0907,0.1928
0.0962,0.193
0.1002,0.1931
0.0915,0.1927
,
,
,
,
,
,
,
,
,
,
,
,
,
,
,
,
,
,
,
,
,
,
,
,
,
,
,
,
,
,
,
,
,
,
,
,
,
,
,
,
,
,
,
,
,
,
,
,
,
,
,
,
,
,
,
,
,
,
,
,
,
,
,
,
,
,
,
,
,
,
,
,
,
,
,
,
,
,
,
,
,
,
,
,
,
,
,
,
,
,
,
,
,
,
,
,
,
,
,
,
,
,
,
,
,
,
0.1874,98.77
0.2076,91.1324
0.1584,0.3018
0.1785,0.2632
0.1393,0.2473
0.1471,0.2207
0.2318,0.204
0.4725,0.1999
0.2427,0.1987
0.1698,0.1982
0.1795,0.1957
0.1478,0.1943
,
0.0914,0.1947
,
,
,
,
,
,
,
,
,
,
,
,
,
,
,
,
,
,
,
,
,
,
,
,
,
,
,
,
,
,
,
,
,
,
,
,
,
,
,
,
,
,
,
,
,
,
,
,
,
,
,
,
,
,
,
,
,
,
,
,
,
,
,
,
,
,
,
,
,
,
,
,
,
,
,
,
,
,
,
,
,
,
,
,
,
,
,
,
,
,
,
,
,
,
,
,
,
,
,
,
,
,
,
,
,
,
,
,
,
,
,
,
,
,
,
,
,
,
,
,
,
,
,
,
,
,
,
,
,
,
,
,
,
,
,
,
,
,
,
,
,
,
,
,
,
,
,
,
,
,
,
,
,
,
,
,
,
,
,
,
,
,
,
,
,
,
,
,
,
,
,
,
,
,
,
,
99.9082,0.0001
99.2158,0.0006
87.5464,0.0025
94.3058,0.0011
50.0262,0.0047
28.2534,0.0075
10.1861,0.0144
11.8321,0.0131
5.8201,0.0197
4.1723,0.0236
1.3978,0.0425
1.0308,0.0499
1.7701,0.0374
2.1898,0.0334
3.2768,0.0268
6.3699,0.0186
17.6923,0.0102
43.2545,0.0052
66.2761,0.0032
81.0204,0.0021
89.6864,0.0015
94.7517,0.001
97.0333,0.0007
97.6472,0.0006
97.6352,0.0006
98.6417,0.0005
99.0273,0.0004
99.1332,0.0004
99.5897,0.0003
99.7387,0.0002
,
,
,
,
,
,
,
,
,
,
,
,
,
,
,
,
,
,
,
,
,
,
,
,
,
,
,
,
,
,
,
,
,
,
,
,
,
,
,
,
,
,
,
,
,
,
,
,
,
,
,
,
,
,
,
,
,
,
,
,
,
,
,
,
,
,
,
,
,
,
,
,
,
,
,
,
,
,
,
,
,
,
,
,
,
,
,
,
,
,
,
,
,
,
,
,
,
,
,
,
,
,
,
,
,
,
,
,
,
,
,
,
,
,
,
,
,
,
,
,
,
,
,
,
,
,
,
,
,
,
,
,
,
,
,
,
,
,
,
,
,
96.7858,81.9102
0.1302,0.2022
0.0861,0.1935
0.0812,0.1928
0.0797,0.1927
0.0798,0.1927
0.0797,0.1927
0.0808,0.1927
0.0812,0.1927
0.0817,0.1927
0.0841,0.1927
0.0918,0.1927
0.0906,0.1926
0.0983,0.1926
0.1059,0.1926
0.1109,0.1926
0.1138,0.1926
0.115,0.1926
0.1165,0.1926
0.1351,0.1926
0.1057,0.1926
0.092,0.1926
0.101,0.1926
0.1048,0.1926
0.1348,0.1926
0.1872,0.1926
0.3668,0.1926
0.3276,0.1926
0.232,0.1925
0.2052,0.1925
0.2975,0.1925
0.2934,0.1925
0.3009,0.1925
0.2369,0.1925
0.1699,0.1925
0.1053,0.1924
0.0949,0.1925
,
,
,
,
,
,
,
,
,
,
,
,
,
,
,
,
,
,
,
,
,
,
,
,
,
,
,
,
,
,
,
,
,
,
,
,
,
,
,
,
,
,
,
,
,
,
,
,
,
,
,
,
,
,
,
,
,
,
,
,
,
,
,
,
,
,
,
,
,
,
,
,
,
,
,
,
,
,
,
,
,
,
,
,
,
,
,
,
,
,
,
,
,
,
,
,
,
,
,
,
,
,
,
,
,
,
,
,
,
,
,
,
,
,
,
,
,
,
,
,
,
,
,
,
,
,
,
,
,
,
,
,
,
,
,
,
,
,
,
,
,
,
,
,
,
,
,
,
,
,
,
,
,
,
,
,
,
,
,
,
,
,
,
,
,
,
,
,
,
,
,
,
,
,
,
,
,
,
,
,
,
,
,
,
,
,
,
,
,
,
,
,
,
,
,
,
,
,
,
,
,
,
,
,
,
,
,
,
,
,
,
,
,
,
,
,
,
,
,
,
,
,
,
,
,
,
,
,
,
,
,
,
,
,
,
,
,
,
,
,
,
,
,
0.1592,0.3021
1.5524,0.1936
0.0882,0.1927
0.0922,0.1926
0.0842,0.1926
0.0838,0.1926
0.0815,0.1926
0.0809,0.1927
0.0808,0.1927
0.0807,0.1927
0.0803,0.1927
0.0804,0.1927
,
,
,
,
,
,
,
,
,
,
,
,
,
0.2426,0.1926
0.0871,0.1926
0.0902,0.1925
0.086,0.1925
0.0837,0.1924
0.0864,0.1921
0.1021,0.1909
0.0961,0.1906
0.0938,0.1904
0.1007,0.1848
0.104,0.1825
0.0882,0.1819
0.0859,0.1844
0.0875,0.1892
0.0831,0.1897
0.0816,0.19
0.0823,0.1899
0.1062,0.1903
0.1151,0.1907
0.0883,0.1911
0.0968,0.1916
0.1524,0.1923
0.1175,0.1946
0.1161,0.1962
0.0997,0.2037
0.0941,0.2033
0.0872,0.2118
0.0923,0.2093
0.0995,0.2208
0.0976,0.2338
0.1094,0.2351
0.1164,0.2272
0.1247,0.2098
0.1177,0.2132
0.1652,0.2151
0.1945,0.2217
0.1856,0.2229
0.1367,0.2123
0.0963,0.1948
0.092,0.1879
0.0879,0.1877
0.0857,0.188
0.0831,0.1897
0.0823,0.1899
0.0831,0.1903
0.084,0.1905
0.0851,0.1909
0.086,0.1915
0.0851,0.1919
0.0886,0.1922
0.0892,0.1924
0.0971,0.1926
0.1001,0.1926
0.0959,0.1926
0.0955,0.1926
0.0957,0.1926
0.0911,0.1926
0.092,0.1927
0.089,0.1926
0.0915,0.1926
0.0984,0.1926
0.0977,0.1926
0.0921,0.1926
0.0944,0.1926
0.1001,0.1926
0.1112,0.1926
0.1169,0.1925
0.1128,0.1925
0.1177,0.1924
0.1047,0.1925
0.0986,0.1925
0.0915,0.1925
0.0849,0.1924
0.0843,0.1923
0.0857,0.1921
0.0861,0.1921
0.085,0.1919
0.0859,0.1919
0.0845,0.1921
0.0838,0.192
0.0838,0.1921
0.0827,0.1922
0.084,0.1922
0.0842,0.1923
0.0835,0.1922
0.0822,0.1922
0.0807,0.1923
0.0805,0.1924
0.0803,0.1924
0.0802,0.1924
0.0803,0.1923
0.0805,0.1923
0.08,0.1921
0.0802,0.192
0.0801,0.1921
0.0801,0.1923
0.08,0.1924
0.0801,0.1925
0.0804,0.1925
0.0836,0.1925
0.0858,0.1926
0.0871,0.1925
0.0886,0.1925
0.0893,0.1924
0.084,0.1924
0.0824,0.1923
0.0812,0.1923
0.0814,0.1923
0.0814,0.1923
0.0816,0.1922
0.0832,0.1919
0.0864,0.1917
0.0905,0.1914
0.1032,0.1908
0.1292,0.1899
0.1664,0.1889
0.2509,0.1881
0.8309,0.1833
1.215,0.1737
3.9905,0.1473
12.8092,0.119
18.2069,0.0846
17.0413,0.0577
12.6319,0.028
32.2307,0.0067
72.8793,0.0027
94.922,0.001
98.6498,0.0005
99.3686,0.0003
99.6682,0.0002
99.787,0.0002
99.826,0.0002
99.8518,0.0001
99.8631,0.0001
99.8474,0.0002
99.8506,0.0001
99.8474,0.0002
99.8389,0.0002
99.8195,0.0002
99.8069,0.0002
99.7895,0.0002
99.7318,0.0002
99.7006,0.0002
99.6041,0.0002
99.5797,0.0003
99.0801,0.0004
97.1967,0.0007
91.0835,0.0013
85.9083,0.0018
75.8263,0.0025
66.5177,0.0032
54.7388,0.0041
67.0865,0.0031
71.1855,0.0028
76.7306,0.0024
80.7561,0.0021
53.9835,0.0042
36.6219,0.0061
39.3853,0.0057
25.0276,0.0081
16.7502,0.0106
19.5136,0.0096
12.5411,0.0127
11.9568,0.0131
15.5288,0.0112
30.0983,0.0073
38.1303,0.006
38.4679,0.0059
40.3874,0.0056
78.7713,0.0023
94.6479,0.001
96.5694,0.0008
94.3562,0.001
96.1689,0.0008
94.2617,0.001
93.6064,0.0011
81.2581,0.0021
82.4393,0.002
66.9693,0.0031
64.035,0.0034
74.2354,0.0026
84.4776,0.0019
95.4819,0.0009
98.975,0.0004
99.4139,0.0003
99.4251,0.0003
99.6538,0.0002
99.5525,0.0003
99.2331,0.0004
98.615,0.0005
,
,
,
,
,
,
,
,
,
,
,
,
,
,
,
,
,
,
,
,
,
,
,
,
,
,
,
,
,
,
,
,
,
,
,
,
,
,
,
,
,
,
,
,
,
,
,
,
,
,
,
99.8429,0.0003
98.2384,0.0055
0.4353,75.8883
0.1153,39.0116
0.0876,3.209
0.0826,0.6816
0.0815,0.4176
0.0809,0.3817
0.0804,0.2898
0.0802,0.2601
0.081,0.2987
0.0838,0.2933
0.087,0.2862
0.0907,0.2569
0.0998,0.2289
0.1169,0.203
0.1492,0.1756
0.21,0.146
0.353,0.1064
0.4555,0.0846
0.868,0.059
1.8094,0.0396
2.5732,0.0324
4.3369,0.025
5.9441,0.0205
14.8354,0.0122
50.3743,0.0048
91.0695,0.0014
98.4561,0.0005
99.5918,0.0003
99.7316,0.0002
99.8525,0.0001
99.8876,0.0001
99.9043,0.0001
99.9089,0.0001
99.9114,0.0001
99.9134,0.0001
99.9151,0.0001
99.9153,0.0001
99.9153,0.0001
99.9159,0.0001
99.9163,0.0001
,
,
,
,
,
,
,
,
,
,
,
,
,
,
,
,
,
,
,
,
,
,
,
,
,
,
,
,
,
,
,
,
,
,
,
,
,
,
,
99.8985,0.0015
,
,
,
,
,
,
,
,
,
,
,
,
99.8263,0.0003
99.8974,0.0001
,
,
,
,
,
,
,
,
,
,
99.8225,0.0003
,
,
,
,
,
,
,
,
,
,
,
,
,
,
,
,
,
,
,
,
,
,
,
,
,
99.7938,7.5505
,
,
,
,
,
,
,
,
,
,
,
,
,
,
,
,
,
,
,
,
,
,
,
,
,
,
,
,
,
,
,
,
,
,
,
,
,
,
,
,
,
,
,
,
,
,
,
,
,
,
99.9207,0.0001
,
,
,
,
,
,
,
,
,
,
,
,
,
,
,
,
,
,
,
,
,
,
,
,
,
,
,
,
,
,
,
,
,
,
,
,
,
,
,
,
,
,
,
,
,
,
,
,
,
,
,
,
,
,
,
,
,
,
,
,
,
,
55.2344,0.018
0.3217,0.2242
0.1152,0.1921
0.1809,0.1951
0.3096,0.1935
6.2733,0.1934
21.8711,0.1926
,
,
,
,
,
,
,
,
,
,
,
,
,
,
,
,
,
,
,
,
,
,
,
,
,
,
,
,
,
,
,
,
,
,
,
,
,
,
,
,
,
,
,
,
,
,
,
,
,
,
,
,
,
,
,
,
,
,
,
,
,
,
,
,
,
,
,
,
,
,
,
,
,
,
,
,
,
,
,
,
,
,
,
,
,
,
,
,
,
,
,
,
,
,
,
,
,
,
,
,
,
,
,
,
,
,
,
,
,
,
,
,
,
,
,
,
,
,
,
,
,
,
,
,
,
,
,
,
,
,
,
,
,
0.0914,98.6728
0.1093,98.068
0.0853,16.1561
0.0844,0.3639
0.0848,0.214
0.0864,0.1898
0.1021,0.1814
0.2234,0.1829
0.3714,0.1827
0.298,0.1824
0.1389,0.1842
0.1037,0.1853
0.0991,0.1873
,
,
,
,
,
,
,
,
,
,
,
,
,
,
,
,
,
,
,
,
,
,
,
,
,
,
,
,
,
,
,
,
,
,
,
,
,
,
,
,
,
,
,
,
,
,
,
,
,
,
,
,
,
,
,
,
,
,
,
,
,
,
,
,
,
,
,
,
,
,
,
,
,
,
,
,
,
,
,
,
,
,
,
,
,
,
,
,
,
,
,
,
,
,
,
,
,
,
,
,
,
,
,
,
,
,
,
,
,
,
,
,
,
,
,
,
,
,
,
,
,
,
,
,
,
,
,
,
98.846,0.9557
1.1852,0.2103
,
,
,
,
,
,
,
,
,
,
,
,
,
,
,
,
,
,
,
,
,
,
,
,
,
,
,
,
,
,
,
,
,
,
,
,
,
,
,
,
,
,
,
,
,
,
,
,
,
99.8344,0.0002
,
,
,
,
,
,
,
,
,
,
,
,
,
,
,
,
,
,
,
,
,
,
,
,
99.7455,96.4084
,
,
,
,
,
,
,
,
,
,
,
,
,
,
,
,
,
,
,
,
,
,
,
,
,
,
,
,
,
,
,
,
,
,
,
,
,
,
,
,
,
,
,
,
,
,
,
,
,
,
48.1628,0.466
10.8115,0.5629
30.8498,0.011
33.445,0.0088
36.0623,0.0085
,
,
,
,
,
,
,
,
,
,
,
,
,
,
,
,
,
,
,
,
,
,
,
,
,
,
,
,
,
,
,
,
,
98.6234,33.1214
,
,
,
,
,
,
,
,
,
,
,
,
,
,
,
,
,
,
,
,
,
,
,
,
,
,
,
,
,
,
,
,
,
,
,
,
,
,
,
,
,
,
,
,
,
,
,
,
,
,
,
,
,
,
,
,
,
,
,
,
,
,
,
,
,
,
,
,
,
,
,
,
,
,
,
,
,
,
,
,
,
,
,
,
,
,
,
,
7.647,98.5239
0.1802,0.2341
0.4584,0.1925
0.6245,0.1841
0.4525,0.1749
0.4688,0.1637
0.3183,0.1664
0.2134,0.1603
0.2378,0.1568
0.2114,0.1474
0.2361,0.1284
0.2519,0.1195
0.234,0.109
0.2386,0.1099
0.2823,0.0988
,
,
,
,
,
,
,
,
,
,
,
,
,
0.0,0.0
,
,
,
,
,
,
,
,
,
,
,
,
,
,
,
,
,
,
,
,
,
,
,
,
,
,
,
,
,
,
,
,
,
,
,
,
,
,
,
,
,
,
,
,
,
,
,
,
,
,
82.38,80.6559
,
,
,
,
,
,
,
,
,
,
,
,
5.1503,0.1927
23.7689,0.1961
,
,
,
,
,
,
,
,
,
,
,
,
,
,
,
,
,
,
,
,
,
,
,
,
,
,
,
,
,
,
,
,
,
,
,
,
,
,
,
,
,
,
,
,
,
,
,
,
,
,
,
,
,
,
,
,
,
,
,
,
,
0.1532,0.2129
0.103,0.1957
0.1285,0.1931
0.2713,0.1697
0.1811,0.17
0.2015,0.1736
0.2956,0.177
0.429,0.1799
0.3162,0.1764
0.1688,0.1782
0.2528,0.1759
0.4067,0.1782
0.6258,0.1812
1.0499,0.1836
1.5916,0.1855
2.1445,0.1839
2.9053,0.1843
3.6519,0.1842
1.8673,0.1844
2.3114,0.1843
,
,
,
,
,
,
,
,
,
,
,
,
,
21.8255,0.1856
14.1987,0.1865
1.8328,0.1847
0.7536,0.186
0.4198,0.187
0.4612,0.1879
0.5189,0.1904
0.4888,0.1909
0.4065,0.1915
2.478,0.1918
2.9375,0.1919
5.5477,0.1915
10.9351,0.1911
13.9575,0.1912
14.4146,0.1916
15.631,0.1918
12.727,0.1919
9.3601,0.1918
9.6473,0.1919
11.3059,0.1918
9.9347,0.1919
13.1294,0.1919
16.004,0.1918
14.2452,0.1919
11.013,0.192
11.1689,0.1922
20.6607,0.1923
25.0595,0.1924
22.1781,0.1924
10.8627,0.1925
4.8778,0.1925
2.0614,0.1925
2.6454,0.1926
1.4566,0.1926
0.7749,0.1926
0.4422,0.1926
0.2645,0.1927
0.2076,0.1927
0.1856,0.1927
0.1758,0.1927
0.2128,0.1927
0.2353,0.1927
0.2113,0.1927
0.1558,0.1927
0.1353,0.1927
0.1167,0.1927
0.1011,0.1927
0.0975,0.1927
0.11,0.1927
0.1138,0.1927
0.0977,0.1927
0.089,0.1927
0.087,0.1927
0.0865,0.1927
0.0868,0.1927
0.0866,0.1927
0.0839,0.1927
0.0842,0.1927
0.0853,0.1927
0.0859,0.1927
0.0872,0.1927
0.0871,0.1927
0.086,0.1927
0.0852,0.1927
0.0838,0.1927
0.0828,0.1926
0.0821,0.1926
0.0817,0.1926
,
,
,
,
,
,
,
,
,
,
,
,
,
,
,
,
,
,
,
,
,
,
,
,
,
,
,
,
,
,
,
,
,
,
,
,
,
,
,
,
,
,
,
,
,
,
,
,
,
,
,
,
,
,
,
,
,
,
,
,
,
,
,
,
,
,
,
,
,
,
,
,
,
,
,
,
,
,
,
,
,
,
,
,
,
,
,
,
,
,
,
,
,
,
,
,
,
,
,
,
,
,
,
17.6999,0.1926
,
,
,
,
,
,
,
,
,
,
,
,
,
,
,
,
,
,
,
,
,
,
,
,
99.5095,0.0007
99.843,0.0002
99.9021,0.0001
99.9071,0.0001
99.908,0.0001
99.9087,0.0001
,
,
,
,
,
,
,
99.876,0.0001
99.3934,0.0003
96.6526,0.0008
52.5553,0.0043
5.5838,0.0201
0.8124,0.0567
0.2476,0.106
0.2105,0.1153
0.1609,0.1328
0.1458,0.1398
0.1183,0.156
0.0938,0.1762
0.0859,0.1844
0.0813,0.1899
0.0803,0.1915
0.0802,0.1923
0.0797,0.1926
0.0797,0.1926
0.08,0.1926
0.0798,0.1927
0.0802,0.1927
0.0804,0.1927
0.0806,0.1927
0.0804,0.1926
0.0803,0.1926
0.0801,0.1926
0.0801,0.1926
0.0802,0.1926
0.0802,0.1926
0.0799,0.1927
0.08,0.1927
0.0812,0.1927
0.0823,0.1926
0.0827,0.1926
0.084,0.1927
0.0876,0.1927
0.088,0.1928
0.088,0.1929
0.0871,0.1932
0.0815,0.1931
0.0803,0.1931
0.0806,0.1929
0.0812,0.1925
0.0809,0.1925
0.0802,0.1924
0.0802,0.1924
0.0799,0.1929
0.0797,0.1935
0.0812,0.1939
0.0806,0.1944
0.0806,0.1944
0.0803,0.1938
0.0807,0.1932
0.0823,0.1913
0.0853,0.1885
0.0868,0.1868
0.0877,0.1871
0.108,0.1847
0.1513,0.177
0.1809,0.1739
0.1142,0.1675
0.1353,0.1706
0.1963,0.1768
0.1827,0.1872
0.1518,0.1896
0.1425,0.1986
0.1215,0.1818
0.169,0.1491
0.2817,0.1098
0.4513,0.083
1.6466,0.0417
7.6945,0.0181
21.613,0.0097
57.9212,0.0042
83.0939,0.0022
90.4501,0.0015
95.0457,0.0011
95.516,0.001
95.6586,0.001
96.3271,0.0009
97.1843,0.0007
98.0358,0.0006
98.6502,0.0005
99.4453,0.0003
99.6715,0.0002
99.7804,0.0002
,
,
,
,
,
,
,
,
,
,
,
,
,
,
99.9182,0.0001
99.9161,0.0001
99.9151,0.0001
99.9145,0.0001
99.91,0.0001
99.9011,0.0001
99.8798,0.0002
99.8609,0.0002
99.8805,0.0002
99.8807,0.0002
99.8828,0.0002
99.8832,0.0001
99.8929,0.0001
99.891,0.0001
99.8933,0.0001
99.8882,0.0001
99.8884,0.0001
99.8865,0.0001
99.8927,0.0001
99.8919,0.0001
99.8894,0.0001
99.8872,0.0001
99.88,0.0001
99.8821,0.0001
99.8592,0.0001
99.8794,0.0001
99.8872,0.0001
99.8908,0.0001
99.8997,0.0001
99.904,0.0001
99.9095,0.0001
99.91,0.0001
99.9084,0.0001
99.9108,0.0001
99.9136,0.0001
99.9146,0.0001
,
,
,
,
,
,
,
,
,
,
,
,
,
99.9166,0.0001
99.892,0.0001
99.8241,0.0002
96.5035,0.0008
14.8783,0.0114
0.2406,0.1083
0.2693,0.1556
,
,
,
,
,
,
,
,
,
,
,
,
,
,
,
,
,
,
,
96.1011,0.2108
59.2907,0.2707
12.6774,13.2698
99.2325,0.0008
99.8778,0.0001
99.8706,0.0001
99.8698,0.0001
99.8725,0.0001
99.8823,0.0001
99.8897,0.0001
99.8973,0.0001
99.8995,0.0001
99.8827,0.0001
99.8709,0.0001
99.8891,0.0001
99.892,0.0001
99.8943,0.0001
99.8985,0.0001
99.8989,0.0001
99.8995,0.0001
99.8978,0.0001
99.8952,0.0001
,
99.8824,0.0001
,
,
,
,
,
,
,
,
,
,
,
,
,
,
,
,
,
,
,
,
,
,
,
,
,
,
,
,
,
,
,
,
,
,
,
,
,
,
,
,
,
,
,
,
,
,
,
,
,
99.197,16.1555
17.3174,0.0934
15.1972,0.0125
77.7555,0.0024
95.544,0.0009
71.05,0.0028
33.6381,0.0065
30.5324,0.007
5.1303,0.021
1.2055,0.0459
0.3616,0.0867
0.2322,0.1095
0.1396,0.143
0.1597,0.1333
0.1351,0.1455
0.1265,0.1507
0.115,0.1585
0.1055,0.1658
0.0959,0.1743
0.0888,0.1815
0.0877,0.1836
0.0841,0.187
0.084,0.1893
0.0836,0.1911
0.0835,0.192
0.0844,0.1923
0.081,0.1925
0.0828,0.1926
0.0836,0.1927
0.0845,0.1927
0.084,0.1927
0.0816,0.1927
0.0816,0.1927
0.0813,0.1927
0.0812,0.1927
0.0813,0.1927
0.082,0.1927
0.0838,0.1927
0.0836,0.1927
0.0845,0.1927
0.0852,0.1927
0.084,0.1927
0.0816,0.1927
0.0805,0.1927
0.0798,0.1927
0.0797,0.1927
0.0798,0.1927
0.0801,0.1927
0.0807,0.1927
0.0806,0.1927
0.0805,0.1926
0.0804,0.1926
0.0803,0.1926
0.0804,0.1925
0.0828,0.1924
0.0825,0.1922
0.0856,0.1921
0.0944,0.1918
,
,
,
,
,
,
,
,
,
,
,
,
,
,
,
,
,
,
,
,
,
,
,
,
,
,
,
,
,
,
,
,
,
,
,
,
,
,
,
,
,
,
,
,
,
,
,
,
,
,
,
,
,
,
,
,
,
,
,
,
,
,
,
,
,
,
,
,
,
,
,
,
,
,
,
,
,
,
,
,
,
,
,
,
,
,
,
,
,
,
,
,
,
,
,
,
,
,
,
,
,
,
,
,
,
,
,
,
,
,
,
,
,
,
,
,
,
,
,
,
,
,
,
,
,
,
,
,
,
,
,
,
,
,
,
,
,
,
,
,
99.123,0.0016
99.9014,0.0001
99.9106,0.0001
99.9133,0.0001
99.9156,0.0001
99.9177,0.0001
99.9178,0.0001
99.9169,0.0001
99.9151,0.0001
99.9124,0.0001
99.8883,0.0001
99.7578,0.0002
99.1165,0.0004
93.2207,0.0012
41.436,0.0057
19.9972,0.0153
10.6677,0.0424
1.6093,0.0767
0.2871,0.1126
0.1786,0.1344
0.1478,0.1483
0.1303,0.1584
0.1227,0.1639
0.1165,0.1677
0.1032,0.1745
0.0909,0.1848
0.0848,0.1906
0.0819,0.1921
0.0832,0.1926
0.081,0.1931
0.0821,0.193
0.0836,0.193
0.0861,0.1929
0.0885,0.1928
0.0944,0.1928
0.1027,0.1927
0.1227,0.1927
0.1416,0.1928
0.1932,0.1928
0.2549,0.1928
0.2303,0.1927
0.2907,0.1927
0.3497,0.1927
0.3608,0.1926
0.4065,0.1926
0.368,0.1926
0.4163,0.1926
0.4682,0.1926
0.4657,0.1926
0.3603,0.1926
0.4157,0.1926
0.3982,0.1926
0.396,0.1926
0.3058,0.1926
0.2207,0.1926
0.2151,0.1927
0.2072,0.1926
0.1977,0.1926
0.1377,0.1926
0.1135,0.1926
0.0961,0.1926
0.0942,0.1926
0.0879,0.1926
0.0853,0.1926
0.0855,0.1926
0.0846,0.1926
0.0829,0.1927
0.0825,0.1927
0.0825,0.1927
0.0821,0.1927
0.0814,0.1927
0.0811,0.1927
0.0815,0.1927
0.0826,0.1927
0.0839,0.1927
0.0855,0.1927
0.0875,0.1927
0.0962,0.1927
0.125,0.1927
,
,
,
,
,
,
,
,
,
,
,
,
,
,
,
,
,
,
,
,
,
,
,
,
,
,
,
,
,
,
,
,
,
,
,
,
,
,
,
,
,
,
,
,
,
,
,
,
,
,
,
,
,
,
,
,
,
,
,
,
,
,
,
,
,
25.2371,88.4134
0.6341,0.2659
0.0831,0.1995
0.0806,0.1933
0.0795,0.1928
0.0799,0.1927
0.0801,0.1927
0.0802,0.1927
0.0795,0.1927
0.0793,0.1927
0.0793,0.1927
0.0792,0.1927
0.0792,0.1927
0.0793,0.1927
0.0793,0.1927
0.0794,0.1928
0.0794,0.1928
0.0794,0.1928
0.0794,0.1928
0.0798,0.1928
0.0811,0.1928
0.0821,0.1928
0.0823,0.1928
0.0821,0.1928
0.082,0.1928
0.0848,0.1928
0.0878,0.1928
0.0909,0.1928
0.0967,0.1928
0.0884,0.1928
0.0828,0.1928
0.08,0.1928
0.0803,0.1927
0.0807,0.1927
0.081,0.1927
0.082,0.1927
0.084,0.1927
0.0836,0.1927
0.0832,0.1927
0.083,0.1927
0.0829,0.1927
0.0833,0.1927
0.0844,0.1927
0.0847,0.1927
0.0857,0.1927
0.0865,0.1927
0.0874,0.1927
0.086,0.1927
0.0855,0.1927
0.0849,0.1927
0.0841,0.1927
0.0829,0.1927
0.0827,0.1927
0.0816,0.1927
0.0812,0.1927
0.0805,0.1927
0.0806,0.1927
0.0806,0.1927
0.0805,0.1927
0.0802,0.1927
0.0802,0.1927
0.08,0.1927
0.08,0.1927
0.0802,0.1927
0.08,0.1927
0.0801,0.1927
0.0804,0.1927
0.0813,0.1927
0.0818,0.1927
0.0841,0.1927
0.0832,0.1927
0.0834,0.1927
0.0885,0.1927
0.1138,0.1927
0.2008,0.1927
0.4863,0.1927
0.4512,0.1927
0.247,0.1927
0.2243,0.1927
0.3092,0.1927
0.3361,0.1927
0.1386,0.1927
0.093,0.1927
0.0854,0.1927
0.0832,0.1927
0.0813,0.1927
0.0817,0.1927
0.0807,0.1927
0.0808,0.1927
0.0817,0.1927
0.0816,0.1927
0.0809,0.1927
0.0805,0.1927
0.0808,0.1927
0.081,0.1926
0.0816,0.1926
0.0838,0.1926
0.0841,0.1926
0.084,0.1926
0.0829,0.1926
0.0817,0.1926
0.0808,0.1926
0.0802,0.1926
0.0803,0.1926
0.0802,0.1926
0.0812,0.1926
0.0816,0.1926
0.0835,0.1925
0.0875,0.1925
0.0922,0.1924
0.1114,0.1923
0.1871,0.1922
0.1794,0.1921
0.5895,0.1921
0.7786,0.1922
0.3205,0.1924
0.328,0.1924
0.296,0.1925
0.2416,0.1925
0.2169,0.1926
0.1104,0.1926
0.0904,0.1926
0.0872,0.1925
0.0969,0.1924
0.0922,0.1923
0.0845,0.1922
0.0811,0.1922
0.0805,0.1923
0.0798,0.1925
0.08,0.1925
0.08,0.1926
0.0798,0.1927
0.08,0.1927
0.08,0.1928
0.0804,0.1928
0.0809,0.1928
0.0819,0.1928
0.086,0.1927
0.0886,0.1924
0.0917,0.1921
0.094,0.1919
0.1383,0.1906
0.1505,0.1895
0.2389,0.1841
0.3734,0.1772
1.5886,0.1662
2.2796,0.1526
2.6936,0.1423
2.1272,0.1204
0.9534,0.1019
1.4757,0.0789
1.8953,0.0579
3.9687,0.0285
6.6774,0.0222
14.3332,0.0128
,
,
,
,
,
,
,
,
,
,
,
,
,
,
,
,
,
,
,
,
,
,
,
,
,
,
,
,
,
,
,
,
,
,
,
,
,
,
,
,
,
,
,
,
,
,
,
,
,
,
,
,
,
,
,
,
,
,
,
,
,
,
,
,
,
,
,
,
,
,
,
,
,
,
,
,
,
,
,
,
,
,
,
,
,
,
,
,
,
99.8737,0.0002
99.7943,0.0002
96.7856,0.001
95.7254,0.0224
92.1102,0.0258
81.8238,0.067
79.6503,0.1055
,
,
,
,
,
,
78.9477,0.1101
66.3484,0.1165
5.4071,0.1297
,
,
,
,
,
,
,
,
,
,
,
,
,
,
,
,
,
,
,
,
,
,
1.4127,0.9035
,
,
,
,
,
,
,
,
,
,
,
,
99.8998,8.0974
99.8744,0.353
0.0,0.0
99.8833,0.1174
99.7857,0.1064
98.9446,0.1306
91.8816,0.1217
88.0091,0.1341
56.7316,0.1588
7.9361,0.1684
1.9786,0.1734
0.3185,0.1809
0.1502,0.1838
0.1107,0.1856
0.1042,0.1868
0.1031,0.1868
0.1147,0.1858
0.1106,0.185
0.123,0.1843
,
,
,
,
,
,
,
,
,
,
,
,
,
,
,
,
,
,
,
,
,
,
,
,
,
,
,
,
,
,
,
,
,
,
,
,
,
,
,
99.9206,0.0272
99.8613,0.0013
,
,
,
,
,
,
,
,
,
,
,
,
,
,
,
,
,
,
,
,
,
,
,
,
,
,
,
,
,
,
,
,
,
,
,
,
,
,
,
,
,
,
,
,
,
,
,
,
,
,
,
,
,
,
,
,
,
,
,
,
,
,
,
,
,
,
,
,
,
,
,
,
,
,
,
,
,
,
,
,
,
,
,
,
,
,
,
,
,
,
,
,
,
,
,
,
,
,
,
,
,
,
,
,
,
,
,
,
,
,
,
,
,
,
,
,
,
,
,
,
,
,
,
,
,
,
,
,
,
,
,
,
,
,
,
,
,
,
99.6437,0.643
,
,
,
,
,
,
,
,
,
,
,
,
,
,
,
,
,
,
,
,
,
,
,
,
,
,
,
,
,
,
,
,
,
,
,
,
,
,
,
,
,
,
,
,
,
,
,
,
,
,
,
,
,
,
,
,
,
,
,
,
,
,
,
,
,
,
,
,
,
,
,
,
,
,
,
,
,
,
,
,
,
,
,
,
,
,
,
,
,
,
,
,
,
,
,
,
,
,
,
,
,
,
,
,
,
,
,
,
,
,
,
,
,
,
,
,
,
,
,
,
,
,
,
,
,
,
,
,
,
,
,
,
,
,
,
,
,
,
,
,
,
,
,
,
,
,
,
,
,
,
,
,
,
,
,
,
,
,
,
,
,
,
,
,
,
,
,
,
,
,
,
,
,
,
,
,
,
99.9209,0.0804
,
,
,
,
,
,
,
,
,
,
,
,
,
,
,
,
,
,
,
,
,
,
,
,
,
,
,
,
,
,
,
,
,
,
,
,
,
,
,
,
,
,
,
,
,
,
,
,
,
,
,
,
,
,
,
,
,
,
,
,
,
,
,
,
,
,
,
,
,
,
,
,
,
,
,
,
,
,
,
,
,
,
,
,
,
,
,
,
,
,
,
,
,
,
,
,
,
,
,
,
,
,
,
,
,
,
,
,
,
,
,
,
,
,
,
,
,
,
,
,
,
,
,
,
,
,
,
,
,
,
,
,
,
,
,
,
,
,
,
,
,
,
,
,
,
,
,
,
,
,
,
99.7885,0.1948
,
,
,
,
,
,
,
,
,
,
,
,
,
,
,
,
,
,
,
,
,
,
,
,
,
,
,
,
,
,
,
,
,
,
,
,
,
,
,
,
,
,
,
,
,
,
,
,
,
,
,
,
,
,
,
,
,
,
,
,
,
,
,
,
,
,
,
,
,
,
,
,
,
,
,
,
,
,
,
,
,
,
,
,
,
,
,
,
,
,
,
,
,
,
,
,
,
,
,
,
,
,
,
,
,
,
,
,
,
,
,
,
,
,
,
,
,
,
,
,
,
,
,
,
,
,
,
,
,
,
,
,
,
,
,
,
,
,
,
,
,
,
,
,
,
,
,
,
,
,
,
,
,
,
,
,
,
,
,
,
,
,
,
,
,
,
,
,
,
,
,
,
,
,
,
,
,
,
,
,
,
,
,
,
,
,
,
,
,
,
,
,
,
,
,
,
,
,
,
,
,
,
,
,
,
,
,
,
,
,
,
,
,
,
,
,
,
,
,
,
,
,
,
,
,
,
,
,
,
,
,
,
,
,
,
,
,
,
,
,
,
,
,
,
,
,
,
,
,
,
,
,
,
,
,
,
,
,
,
,
,
,
,
,
,
,
,
,
,
,
,
,
,
,
,
,
,
,
,
0.4715,0.4992
1.0496,0.1939
0.2941,0.1931
0.1387,0.1932
0.1971,0.1954
0.539,0.1934
0.5463,0.1933
0.585,0.1936
0.4917,0.1938
0.147,0.1943
0.1392,0.196
0.1256,0.1969
0.1169,0.1976
0.118,0.1966
0.11,0.1958
0.1255,0.1956
0.1309,0.1963
0.1359,0.1961
0.2673,0.1965
0.2098,0.1966
0.2887,0.1971
0.4152,0.197
0.3278,0.1964
0.291,0.1958
0.2258,0.1958
0.1945,0.1952
0.1606,0.1951
0.1264,0.1948
0.107,0.194
0.0911,0.1937
0.0886,0.1928
0.0851,0.1925
0.0822,0.1921
0.0822,0.1914
0.0832,0.1906
0.0829,0.19
0.0825,0.1893
0.0822,0.1894
0.0832,0.1879
0.0836,0.1873
0.0837,0.1872
0.086,0.1867
0.0878,0.1862
0.0915,0.1864
0.0856,0.1867
0.0842,0.1866
0.0842,0.1867
0.0854,0.1853
0.0867,0.1842
0.0898,0.1807
0.094,0.1764
0.0973,0.1732
0.1019,0.1689
0.1122,0.1605
0.1166,0.1573
0.1344,0.1459
0.1544,0.1357
0.1831,0.124
0.2342,0.109
0.2748,0.1002
0.4554,0.0768
1.3051,0.044
1.6169,0.0392
4.6757,0.0221
26.5323,0.0078
58.5316,0.0038
81.1525,0.0021
95.3975,0.0009
98.7395,0.0005
,
,
,
,
,
,
,
,
,
,
,
,
,
,
99.9188,0.0001
99.9195,0.0001
99.92,0.0001
99.9205,0.0001
99.9207,0.0001
99.9205,0.0001
99.9202,0.0001
99.9199,0.0001
99.9195,0.0001
99.9184,0.0001
99.917,0.0001
99.9158,0.0001
99.9122,0.0001
99.9074,0.0001
99.9069,0.0001
99.9035,0.0001
99.9057,0.0001
99.9048,0.0001
99.9045,0.0001
99.9057,0.0001
,
,
,
,
,
,
,
,
,
,
,
,
,
,
,
,
,
,
,
,
,
,
,
,
,
,
,
,
,
,
,
,
,
,
,
,
,
,
,
,
,
,
,
,
,
,
,
,
,
,
,
,
,
,
,
,
,
,
,
,
,
,
,
,
,
,
,
,
,
,
,
,
,
,
,
,
,
99.5656,0.0009
99.0972,0.0009
82.9286,0.0021
67.4949,0.0032
0.936,0.0552
6.4122,0.0201
25.2838,0.0085
57.9012,0.0041
63.224,0.0036
18.9165,0.0102
34.6475,0.0065
55.5754,0.0041
63.0866,0.0035
78.8921,0.0023
94.1271,0.0011
90.3787,0.0014
93.3165,0.0011
96.1252,0.0008
93.0443,0.0012
84.6661,0.0019
83.618,0.0019
76.6969,0.0024
72.4997,0.0028
52.1835,0.0044
22.357,0.0088
7.7973,0.0167
7.4195,0.0172
13.1676,0.0124
43.0963,0.0053
34.2482,0.0065
37.4404,0.006
41.995,0.0054
67.0587,0.0031
93.0914,0.0012
96.5011,0.0008
98.0086,0.0006
99.0588,0.0004
99.2194,0.0004
99.0794,0.0004
99.4393,0.0003
99.5081,0.0003
99.3605,0.0003
99.6309,0.0002
99.7414,0.0002
99.7674,0.0002
99.8042,0.0002
99.8163,0.0002
99.8146,0.0002
99.8342,0.0002
99.8573,0.0001
99.8628,0.0001
99.8277,0.0002
99.7497,0.0002
99.6009,0.0003
99.144,0.0004
99.0509,0.0004
98.28,0.0006
97.0967,0.0008
94.9052,0.001
90.4967,0.0016
79.9617,0.0026
72.8635,0.0032
71.0403,0.0034
62.7996,0.0041
68.1307,0.0037
81.0402,0.0026
81.9427,0.0025
89.7435,0.0017
93.6799,0.0013
95.731,0.001
97.862,0.0007
99.3509,0.0003
99.6975,0.0002
99.7935,0.0002
99.8401,0.0002
99.8736,0.0001
99.8945,0.0001
99.9054,0.0001
99.9108,0.0001
99.9097,0.0001
99.9085,0.0001
99.9055,0.0001
99.9016,0.0001
99.8932,0.0001
99.8751,0.0001
99.8631,0.0001
99.8325,0.0002
99.8048,0.0002
99.7423,0.0002
99.6488,0.0002
99.5413,0.0003
99.1388,0.0004
98.263,0.0005
97.144,0.0007
94.8688,0.001
73.6558,0.0027
17.9848,0.0101
3.8283,0.0248
1.2733,0.0448
0.5002,0.0735
0.3706,0.0962
0.3057,0.113
0.335,0.1305
0.9081,0.1241
1.3891,0.1093
1.4487,0.094
0.6251,0.0769
0.7582,0.0588
3.0133,0.0281
7.3878,0.0171
19.5524,0.0096
34.2902,0.0064
52.4843,0.0043
70.3461,0.0029
72.3866,0.0027
82.1646,0.002
86.9281,0.0017
83.3306,0.002
82.063,0.002
94.5511,0.001
98.2866,0.0005
99.3022,0.0003
99.6312,0.0002
99.7972,0.0002
99.8565,0.0001
99.8822,0.0001
99.8992,0.0001
99.9,0.0001
99.9019,0.0001
99.9034,0.0001
99.9054,0.0001
99.9048,0.0001
99.9082,0.0001
99.9103,0.0001
99.9127,0.0001
99.915,0.0001
99.9158,0.0001
99.9166,0.0001
99.9172,0.0001
99.9178,0.0001
99.9185,0.0001
99.9191,0.0001
99.9193,0.0001
99.9195,0.0001
99.9198,0.0001
99.9199,0.0001
99.9199,0.0001
99.9199,0.0001
99.9198,0.0001
99.9198,0.0001
99.9195,0.0001
99.9195,0.0001
,
,
,
,
,
,
,
,
,
,
,
,
,
,
,
,
,
,
,
,
,
,
,
,
,
,
,
,
,
,
,
,
,
,
,
,
,
,
,
,
,
,
,
,
,
,
,
,
,
,
,
,
,
,
,
,
,
,
,
,
,
,
,
,
,
,
,
,
,
,
,
,
,
,
,
,
,
,
,
,
,
,
,
,
,
,
,
,
,
,
,
,
,
,
,
,
,
,
,
,
,
,
,
,
,
,
,
,
,
,
,
,
,
,
,
,
,
,
,
,
,
,
,
,
,
,
,
,
,
,
,
,
,
,
,
,
,
,
,
,
,
,
,
,
,
,
,
,
,
,
,
,
,
,
,
,
,
,
,
,
,
,
,
,
,
,
73.7981,0.2694
52.8192,0.1919
,
,
,
,
,
,
,
,
,
,
,
1.6275,0.247
50.3026,0.1595
97.0067,0.0021
99.5263,0.0007
99.7985,0.0003
99.8563,0.0002
99.8876,0.0002
99.9022,0.0001
99.9036,0.0001
99.9072,0.0001
,
,
,
,
,
,
,
,
,
,
,
,
,
,
,
,
,
,
,
,
,
,
,
,
,
,
,
,
,
,
,
,
,
,
,
,
,
,
,
,
,
,
,
,
,
,
,
,
,
,
,
,
,
99.6539,0.0007
56.648,0.0502
94.7991,0.1083
,
,
,
,
,
,
,
,
,
,
,
,
,
,
,
,
,
,
,
,
,
,
,
,
,
,
,
,
,
,
,
,
,
,
,
,
,
,
,
,
,
,
,
,
,
,
,
,
,
,
,
,
,
,
,
,
,
,
,
,
,
,
,
,
,
,
,
,
,
,
,
,
,
,
,
,
,
,
,
,
,
,
,
,
,
,
,
,
,
,
,
,
,
,
,
,
,
,
,
,
,
,
,
,
,
,
,
,
,
,
,
,
,
,
,
,
,
,
,
,
,
,
,
,
,
,
,
,
,
,
,
,
,
,
,
,
,
,
,
,
,
,
,
,
,
,
,
,
,
,
50.2183,0.1924
,
,
,
,
,
,
,
,
,
,
,
,
,
,
,
,
,
,
,
,
,
,
,
,
,
,
,
,
,
,
,
,
,
,
,
,
,
,
,
,
,
,
,
,
,
,
,
,
,
99.8101,0.1927
92.8836,0.194
,
,
,
,
,
,
,
,
,
,
,
,
,
,
,
,
,
,
,
,
,
,
,
,
,
,
,
,
,
,
,
,
,
,
,
,
,
,
,
,
,
,
,
,
,
,
,
,
,
99.9096,0.0003
,
,
,
